id,code,SMILES,reference,molecular_weight,emission_solid,emission_aggr,features_id,mechanism_id,doi,aTB
1106.0,THPSTPA,C1(N(C2=CC=C(C#CC3=CC=C([Si]4(C5=CC=CC=C5)C(C6=CC=CC=C6)=C(C7=CC=CC=C7)C(C8=CC=CC=C8)=C4C9=CC=CC=C9)C=C3)C=C2)C%10=CC=C(C#CC%11=CC=C([Si]%12(C%13=CC=CC=C%13)C(C%14=CC=CC=C%14)=C(C%15=CC=CC=C%15)C(C%16=CC=CC=C%16)=C%12C%17=CC=CC=C%17)C=C%11)C=C%10)=CC=C(C#CC%18=CC=C([Si]%19(C%20=CC=CC=C%20)C(C%21=CC=CC=C%21)=C(C%22=CC=CC=C%22)C(C%23=CC=CC=C%23)=C%19C%24=CC=CC=C%24)C=C%18)C=C1,"Dyes and Pigments, 2011, 91, 258-263",1926.71,,,AIE,other,10.1016/j.dyepig.2011.03.006,failed
1735.0,CE-TPA,COc7ccc(N(c1ccccc1)c6ccc(/C=C/c5cc[n+](CC4=C(C(=O)O)N3C(=O)C(NC(=O)Cc2cccs2)C3SC4)cc5)cc6)cc7,"Chem. Commun. 2022, ASAP. ",864.092,,,AIE,TICT,10.1039/D2CC02230C,failed
1760.0,TPE-BPA,O=C(O[K])C1=NC(C(O[K])=O)=CC(OCCCCOC2=CC=C(/C(C3=CC=C(OCCCCOC4=CC(C(O[K])=O)=NC(C(O[K])=O)=C4)C=C3)=C(C5=CC=C(OCCCCOC6=CC(C(O[K])=O)=NC(C(O[K])=O)=C6)C=C5)/C7=CC=C(OCCCCOC8=CC(C(O[K])=O)=NC(C(O[K])=O)=C8)C=C7)C=C2)=C1,,1650.01,,,AIE,TICT,10.1002/adfm.201803370,failed
1761.0,PLL,CC(CCCCN)C(NC)=O,,30000.0,,,AIE,clusterluminescence,10.1002/adfm.201803370,failed
1762.0,TPE-(EO)4-L2,O=C(C1=CC(OCCOCCOCCOCCOC(C=C2)=CC=C2/C(C3=CC=CC=C3)=C(C4=CC=C(OCCOCCOCCOCCOC5=CC(C(O[K])=O)=NC(C(O[K])=O)=C5)C=C4)\C6=CC=CC=C6)=CC(C(O[K])=O)=N1)O[K],,1199.44,,,AIE,TICT,10.1021/acsanm.7b00050,failed
1765.0,TPE-BPA,O=C(C1=CC(OCCCCOC(C=C2)=CC=C2/C(C3=CC=C(OCCCCOC4=CC(C(O[K])=O)=NC(C(O[K])=O)=C4)C=C3)=C(C5=CC=C(OCCCCOC6=CC(C(O[K])=O)=NC(C(O[K])=O)=C6)C=C5)\C7=CC=C(OCCCCOC8=CC(C(O[K])=O)=NC(C(O[K])=O)=C8)C=C7)=CC(C(O[K])=O)=N1)O[K],,1650.01,,,AIE,TICT,10.1021/acsami.7b06306,failed
1780.0,TPP-2MPM,COC(C=C1)=CC=C1C2=C(C3=CC=C(C4=CC=C(OC)C=C4)C=C3)N=C(C5=CC=C(OC)C=C5)C(C6=CC=C(C7=CC=C(OC)C=C7)C=C6)=N2,"Chem.Sci.,2015,6,1932-1937",657.0,,,AIE,other,10.1039/C4SC03365E,failed
1788.0,TAA-4P,C1(C2=CC=CC=C2)=C(C3=CC=CC=C3)N=C(C=C(N=C(C4=CC=CC=C4)C(C5=CC=CC=C5)=N6)C6=C7)C7=N1,"Chem.Sci.,2018,9,7829-7834",487.0,,,AIE,ESIPT,10.1039/C8SC02810A,failed
1791.0,TPP-4PTPA,C1(C(C=C2)=CC=C2C3=CC=C(N(C4=CC=CC=C4)C5=CC=CC=C5)C=C3)=C(C(C=C6)=CC=C6C7=CC=C(N(C8=CC=CC=C8)C9=CC=CC=C9)C=C7)N=C(C=C(N=C(C(C=C%10)=CC=C%10C%11=CC=C(N(C%12=CC=CC=C%12)C%13=CC=CC=C%13)C=C%11)C(C(C=C%14)=CC=C%14C%15=CC=C(N(C%16=CC=CC=C%16)C%17=CC=CC=C%17)C=C%15)=N%18)C%18=C%19)C%19=N1,"Chem.Sci.,2018,9,7829-7834",1460.0,,,AIE,other,10.1039/C8SC02810A,failed
1798.0,2TPEVDPP,CCCCn%10c(/C=C/c4ccc(/C(=C(c1ccc(N(C)C)cc1)/c2ccc(N(C)C)cc2)c3ccccc3)cc4)c9c(=O)n(CCCC)c(/C=C/c8ccc(/C(=C(c5ccc(N(C)C)cc5)/c6ccc(N(C)C)cc6)c7ccccc7)cc8)c9c%10=O,"ACSNano2022,16,4162−4174",1132.633,,,AIE,other,10.1021/acsnano.1c10019,failed
1844.0,c6-TPBQ,Cc1cn2[c-](c3c(C4=c(cccc5)c5=c6ccccc6=C42)cccc3)c(c7ccccc7)c1.FB(F)F.[F-],"Chem.Sci.,2021,12,709-717",421.1779,,,AIE,other,10.1039/d0sc04725b,failed
1846.0,TPEPyE,C5(/C(=C(C1=CC=CC=C1)/C3=CC=C(C2=CC=[N+](CC)C=C2)C=C3)C4=CC=CC=C4)=CC=CC=C5.[I-],"Biosens.Bioelectron.,2016,85,62-67",565.13,,,AIE,other,10.1016/j.bios.2016.04.071,failed
1847.0,1@CB[7],c%12ccc(C[n+]%11ccc(c%10ccc(/C(=C(c3ccc(c2cc[n+](Cc1ccccc1)cc2)cc3)/c6ccc(c5cc[n+](Cc4ccccc4)cc5)cc6)c9ccc(c8cc[n+](Cc7ccccc7)cc8)cc9)cc%10)cc%11)cc%12.[Br-].[Br-].[Br-].[Br-],"Sens.ActuatorsB:Chem.,2018,261,602-607.",1324.2,,,AIE,other,10.1016/j.snb.2018.01.197.,failed
1855.0,TPPTPE,C%12(/C(=C(C3=CC=C(C2=CC=[N+](CC1=CC=CC=C1)C=C2)C=C3)/C6=CC=C(C5=CC=[N+](CC4=CC=CC=C4)C=C5)C=C6)C9=CC=C(C8=CC=[N+](CC7=CC=CC=C7)C=C8)C=C9)=CC=C(C%11=CC=[N+](CC%10=CC=CC=C%10)C=C%11)C=C%12.[Br-].[Br-].[Br-].[Br-],"Analyst,2017,142,4388-4392",1320.16,,,AIE,other,10.1039/C7AN01336A,failed
1858.0,TPI-C,CCCCCCCCn3c(c1ccc(OC(=O)NCC[Si](OCC)(OCC)OCC)cc1)nc(c2ccccc2)c3c4ccccc4,"Mater.Horiz.,2019,6,2032-2039.",599.888,,,AIE,other,10.1039/c9mh00798a,failed
1859.0,MOTIPS-TPE,C6(/C(=C(C1=CC=CC=C1)/C4=CC=C(C3=CC=[N+](CC2=CC=C(O[Si](C(C)C)(C(C)C)C(C)C)C=C2)C=C3)C=C4)C5=CC=CC=C5)=CC=C(OC)C=C6.[Br-],"RSCAdv.,2016,6,59400-59404",781.3,,,AIE,other,10.1039/c6ra10878d,failed
1862.0,HCyNB,C5(CC(OC1=CC4=C(C=C1)C=C(/C=C/C3=[N+](C)C2=CC=CC=C2C3(C)C)C=C4)=O)=CC=CC=C5.[I-],"NewJ.Chem.,2019,43,6429-6434",573.11647,,,AIE,ICT,10.1039/c9nj00890j,failed
1866.0,TPE-2EP+,C[N+](C=C1)=CC=C1/C=CC(C=C2)=CC=C2/C(C3=CC=C(/C=CC4=CC=[N+](C)C=C4)C=C3)=C(C5=CC=CC=C5)C6=CC=CC=C6.[I-].[I-],"J.Am.Chem.Soc.2019,141,5612−5616",822.57,,,AIE,TICT,10.1021/jacs.9b00636,failed
1885.0,TPETPyP,C/1=CC%18=NC1=C(C6=CC=[N+](CC5=CC=C(/C(C2=CC=CC=C2)=C(C3=CC=CC=C3)C4=CC=CC=C4)C=C5)C=C6)/C7=CC=C(N7)/C(C%12=CC=[N+](CC%11=CC=C(/C(C8=CC=CC=C8)=C(C9=CC=CC=C9)C%10=CC=CC=C%10)C=C%11)C=C%12)=C/%25N=C(/C(C%17=CC=[N+](CC%16=CC=C(/C(C%13=CC=CC=C%13)=C(C%14=CC=CC=C%14)C%15=CC=CC=C%15)C=C%16)C=C%17)=C/%24N/C(=C%18/C%23=CC=[N+](CC%22=CC=C(/C(C%19=CC=CC=C%19)=C(C%20=CC=CC=C%20)C%21=CC=CC=C%21)C=C%22)C=C%23)C=C%24)C=C%25.[Br-].[Br-].[Br-].[Br-],,2320.0,,,AIE,other,10.1016/j.cclet.2019.08.037,failed
1886.0,4TPA-BQ,C%14(N(C%12=CC=C(C8=C(C3=CC=C(N(C1=CC=CC=C1)C2=CC=CC=C2)C=C3)C%11=C(C7=C(C6=CC=C(N(C4=CC=CC=C4)C5=CC=CC=C5)C=C6)C=C(C)C=[N+]78)C=CC(N(C9=CC=CC=C9)C%10=CC=CC=C%10)=C%11)C=C%12)C%13=CC=CC=C%13)=CC=CC=C%14.[P-](F)(F)(F)(F)(F)F,"Angew.Chem.Int.Ed.,2020,59,9470-9477",1236.0,,,AIE,other,10.1002/anie.201909706,failed
1888.0,IDT-TPE,CCCCCCC1(CCCCCC)C2=C(SC(C3=C(C(C=C4)=CC=C4/C(C5=CC=CC=C5)=C(C6=CC=CC=C6)/C7=CC=CC=C7)C=C(/C=C8/C(C(C=CC=C9)=C9C8=O)=C(C#N)C#N)S3)=C2)C%10=CC%11=C(C(SC(C%12=C(C(C=C%13)=CC=C%13/C(C%14=CC=CC=C%14)=C(C%15=CC=CC=C%15)/C%16=CC=CC=C%16)C=C(/C=C%17/C(C(C=CC=C%18)=C%18C%17=O)=C(C#N)C#N)S%12)=C%19)=C%19C%11(CCCCCC)CCCCCC)C=C%101,"Small2021,17,2102044",1836.719,,,AIE,other,10.1002/smll.202102044,failed
1893.0,TFVP,C[N+](C)(C)CCC[N+]1=CC=C(/C=C/C(O2)=CC=C2C3=CC=C(N(C4=CC=CC=C4)C5=CC=CC=C5)C=C3)C=C1.[Br-].[Br-],"Angew.Chem.Int.Ed.2020,59,9610–9616",675.0,,,AIE,other,10.1002/anie.202000740,failed
1894.0,TTPy-NH2,NCCC[N+]1=CC=C(/C=C/C(S2)=CC=C2C3=CC=C(N(C4=CC=CC=C4)C5=CC=CC=C5)C=C3)C=C1.[Br-],"Adv.Sci.2021,8,2100811",568.0,,,AIE,other,10.1002/advs.202100811,failed
1908.0,TPE-DPA-Se,N(C1=CC=C(/C(C2=CC=CC=C2)=C(C3=CC=CC=C3)/C4=CC=CC=C4)C=C1)(C5=CC=CC=C5)C6=CC=C(C7=CC=C(C8=CC=C(N(C9=CC=CC=C9)C%10=CC=C(/C(C%11=CC=CC=C%11)=C(C%12=CC=CC=C%12)/C%13=CC=CC=C%13)C=C%10)C=C8)C%14=N[Se]N=C%147)C=C6,"ActaChim.Sinica2021,79,319-325",1178.354,,,AIE,TICT,10.6023/A20100501,failed
1909.0,DCMHNO,N#C/C(C#N)=C1C2=CC=CC=C2OC(/C=C/C3=CC=C(C=C3)OC(C4=C(C=CC=C4)P(C5=CC=CC=C5)C6=CC=CC=C6)=O)=C1,"Sci.Chin.Chem.,2020,63,282-289",600.0,,,AIE,ICT,10.1007/s11426-019-9604-3,failed
1911.0,DPASI,C[N+](C=C1)=CC=C1/C=C/C(C=C2)=CC=C2N(C3=CC=CC=C3)C4=CC=CC=C4.[I-],"Mater.Chem.Front.,2020,4,957-964",490.0,,,AIE,ESIPT,10.1039/c9qm00732f,failed
1913.0,DPASP,C[N+](C=C1)=CC=C1/C=C/C(C=C2)=CC=C2N(C3=CC=CC=C3)C4=CC=CC=C4.F[P-](F)(F)(F)(F)F,"Small2019,15,1905080",508.0,,,AIE,TICT,10.1002/smll.201905080,failed
1935.0,NH2-PEG-TTPy,O=C(NCCOCCN)CC[N+](C=C1)=CC=C1/C=C/C(S2)=CC=C2C(C=C3)=CC=C3N(C4=CC=CC=C4)C5=CC=CC=C5.[Br-],"Adv.Mater.2020,32,2003382",524.23,,,AIE,other,10.1002/adma.202003382,failed
1938.0,MTTT-BT,COC(C=C1)=CC=C1N(C2=CC=C(OC)C=C2)C(C=C3)=CC=C3C(S4)=CC=C4C5=CC=C(/C=C/C6=[N+](CC)C7=C(C=CC=C7)S6)S5.FP(F)(F)(F)F.[F-],"ACSAppl.Mater.Interfaces2020,12,26033-26040",802.85,,,AIE,other,10.1021/acsami.0c06181,failed
1939.0,TTVB,CC[N+]1=C(SC2=C1C=CC=C2)/C=C/C3=CC=C(C4=CC=C(N(C5=CC=CC=C5)C6=CC=CC=C6)C=C4)S3.FP(F)(F)(F)F.[F-],"Biomaterials,2021,276,121007",660.68,,,AIE,other,10.1016/j.biomaterials.2021.121007,failed
1942.0,TBP,CC[N+](C=C1)=CC=C1C(C2=NSN=C23)=CC=C3C(C=C4)=CC=C4N(C5=CC=CC=C5)C6=CC=CC=C6.[Br-],"SmallMethods2022,6,2101247",565.53,,,AIE,ESIPT,10.1002/smtd.202101247,failed
1943.0,TPAP-C5-yne,O=C(C#C)OCCCCC[N+](C=C1)=CC=C1C(C=C2)=CC=C2N(C3=CC=CC=C3)C4=CC=CC=C4.[Br-],"Chem.Sci.,2022,13,2965–2970",541.49,,,AIE,TICT,10.1039/D1SC06336G,failed
1952.0,TPEIPAu,C[N+]1=C([Au]P(C2=CC=CC=C2)(C3=CC=CC=C3)C4=CC=CC=C4)N(C=C1)C(C=C5)=CC=C5/C(C6=CC=CC=C6)=C(C7=CC=CC=C7)C8=CC=CC=C8.FP(F)(F)(F)F.[F-],"Angew.Chem.Int.Ed.2020,59,7097-7105",1017.0,,,AIE,other,10.1002/anie.202000048,failed
1971.0,TPE-T-RCN,COC1=CC=C(/C(C2=CC=C(OC)C=C2)=C(C3=CC=CC=C3)/C4=CC=C(C5=CC=C(/C=C6C(N(CC)/C(S/6)=C(C#N)C#N)=O)S5)C=C4)C=C1,"Adv.Mater.2022,34,2106994",677.837,,,AIE,TICT,10.1002/adma.202106994,failed
1985.0,AIE-R,C[N+](C=C1)=CC=C1/C=C/C(S2)=CC=C2C3=CC=C(N(C4=CC=CC=C4)C5=CC=CC=C5)C=C3.F[P-](F)(F)(F)(F)F,"Adv.Mater.2021,33,2105418",590.13,,,AIE,ICT,10.1002/adma.202105418,failed
1988.0,AIE-Y,[O]C1=C(C2=C(C=CC=C3)C3=CC=C2[O])C4=CC=CC=C4C=C1.CC5=C(C)C(C#N)=C(N6C(C=CC(C(C)(C)C)=C7)=C7C8=C6C=CC(C(C)(C)C)=C8)C(N9C(C=CC=C%10)=C%10C%11=C9C=CC=C%11)=C5C#N,"Adv.Mater.2019,31,1902365",882.39,,,AIE,TICT,10.1002/adma.201902365,failed
1989.0,AIE-O,[O]C1=C(C2=C(C=CC=C3)C3=CC=C2[O])C4=CC=CC=C4C=C1.CC5=C(C)C(C#N)=C(F)C(N(C6=C7C=CC=C6)C8=C(C7(C)C)C=CC=C8)=C5C#N,"Adv.Mater.2019,31,1902365",665.24,,,AIE,TICT,10.1002/adma.201902365,failed
2006.0,IQ,CCC[N+]1=CC(C=C2)=C(C(C3=CC=CC=C3)=C1C4=CC=CC=C4)C=C2C(C=C5)=CC=C5N(C6=CC=CC=C6)C7=CC=CC=C7.FB(F)F.[F-],"ACSNano2021,15,12129−12139",654.56,,,AIE,TICT,10.1021/acsnano.1c03508,failed
2007.0,DB-TBT,C1(C2=CC=C(C3=CC=C(C4=CC=C(C5=CC=CC=C5)S4)C6=NSN=C63)S2)=CC=CC=C1,"ACSNano2019,13,11863−11873",452.05,,,AIE,other,10.1021/acsnano.9b05914,failed
2018.0,TNZPy,C[N+](C=C1)=CC=C1/C=C/C(C=C2)=CC=C2C(C3=NSN=C34)=C5C(C=CC=C5)=C4C(C=C6)=CC=C6N(C7=CC=CC=C7)C8=CC=CC=C8.[I-],"Adv.Funct.Mater.2020,30,2002057",750.13,,,AIE,TICT,10.1002/adfm.202002057,failed
2019.0,MTNZPy,C[N+](C=C1)=CC=C1/C=C/C(C=C2)=CC=C2C(C3=NSN=C34)=C5C(C=CC=C5)=C4C(C=C6)=CC=C6N(C7=CC=C(OC)C=C7)C8=CC=C(OC)C=C8.[I-],"Adv.Funct.Mater.2020,30,2002057",810.15,,,AIE,TICT,10.1002/adfm.202002057,failed
2022.0,DPCE-ECh,O=C(O[C@@H]1CC2=CC[C@]([C@@](CC[C@]3([H])[C@H](C)CCCC(C)C)([H])[C@]3(C)CC4)([H])[C@@]4([H])[C@@]2(C)CC1)COC(C=C5)=CC=C5/C(C#N)=C/C6=CC=C(OCCCCCCCCCCCCCCCCCCCCCCCCCC)C(OCCCCCCCCCCCCCCCCCCCCCCCCCC)=C6,"Mater.Chem.Front.,2019,3,1768-1778",1409.24,,,AIE,TICT,10.1039/C9QM00332K,failed
2046.0,TPEPCl,O=C(C(C=C1)=CC=C1N2C3=C(C(C=CC=C4)=C4C5=C3C=CC=C5)N=C2C(C=C6)=CC=C6/C(C7=CC=CC=C7)=C(C8=CC=CC=C8)/C9=CC=CC=C9)Cl,"Chem. Commun., 2022,58, 5769-5772",687.0,,,AIE,ESIPT,10.1039/d0tc03665j,failed
2048.0,TBP-1,[Br-].CC[N+]1=CC=C(C=C1)C1=CC=C(C2=NSN=C12)C1=CC=C(C=C1)N(C1=CC=CC=C1)C1=CC=CC=C1,"SmallMethods2020,4,2000045",565.533,,,AIE,TICT,10.1002/smtd.202000046,failed
2049.0,TBP-2,[Br-].[Br-].C[N+](C)(C)CCC[N+]1=CC=C(C=C1)C1=CC=C(C2=NSN=C12)C1=CC=C(C=C1)N(C1=CC=CC=C1)C1=CC=CC=C1,"SmallMethods2020,4,2000046",717.568,,,AIE,TICT,10.1002/smtd.202000046,failed
2051.0,CSPP-NHS,[I-].[I-].C[N+]1(C)CCN(CC1)C1=CC=C(C=C(/C#N)C2=CC=C(C=C2)C2=CC=[N+](CCCC(=O)ON3C(=O)CCC3=O)C=C2)C=C1,"Chem.Sci.,2017,8,7014",833.51,,,AIE,TICT,10.1039/c7sc01054k,failed
2052.0,TTPY-Py,N(C1=CC=CC=C1)(C2=CC=CC=C2)C3=CC=C(C4=CC=C(/C=C/C5=CC=[N+](CCCC[N+]6=CC=CC=C6)C=C5)S4)C=C3.[Br-].[Br-],"Adv.Funct.Mater.2021,2009924",282.627,,,AIE,other,10.1002/adfm.202009924,failed
2060.0,BTPPA,C[N+](C=C1)=CC=C1/C(C2=CC=CC=C2)=C(C3=CC=CC=C3)/C(C=C4)=CC=C4N(C5=CC=CC=C5)C6=CC=C(C7=C8C(N=S=N8)=C(C(C=C9)=CC=C9N(C%10=CC=C(/C(C%11=CC=CC=C%11)=C(C%12=CC=CC=C%12)/C%13=CC=[N+](C)C=C%13)C=C%10)C%14=CC=CC=C%14)C%15=NN(CC(CC)CC)N=C7%15)C=C6.FP(F)(F)(F)F.F[P-](F)(F)(F)(F)F.[F-],"Adv.Mater.2021,33,2105999",776.3536,,,AIE,other,10.1002/adma.202105999,failed
2061.0,MeTTPy,CC(C=C1)=CC=C1N(C2=CC=C(C3=CC=C(/C=C/C4=CC=[N+](C)C=C4)S3)C=C2)C5=CC=C(C)C=C5.FP(F)(F)(F)F.[F-],"Adv.Mater.2018,30,1802105",473.205,,,AIE,other,10.1002/adma.201802105,failed
2083.0,BSPOTPE,O=S(CCCOC1=CC=C(C(C2=CC=CC=C2)=C(C3=CC=C(OCCCS(=O)([O-])=O)C=C3)C4=CC=CC=C4)C=C1)([O-])=O.[Na+].[Na+],"MobiQuitous2017:Proceedingsofthe14thEAIInternationalConferenceonMobileandUbiquitousSystems:Computing,NetworkingandServicesNovember2017,523",653.0,,,AIE,ESIPT,10.1145/3144457.3144508,failed
2108.0,ECPI-12,C1=CC=CC4=C1C2C(C=CC(=C2)C=CC3=CC=[N+](C=C3)CCCCCCCCCCCC)N4CCOCC,"Chem.Sci.,2019,10,1994",638.68,,,AIE,ICT,10.1039/c8sc05119d,failed
2114.0,TPCI,[CH2-][N+](C=C1)=CC=C1C(C=C2)=CC=C2N(C3=CC=C(C4=CC=[N+](C)C=C4)C=C3)C(C=C5)=CC=C5/C=C(C#N)/C6=CC=C(/C(C#N)=C/C7=CC=C(N(C8=CC=C(C9=CC=[N+](C)C=C9)C=C8)C%10=CC=C(C%11=CC=[N+]([CH2-])C=C%11)C=C%10)C=C7)C=C6.[I].[I-].[I].[I-],"Adv.Funct.Mater.2019,29,1902673",1550.0,,,AIE,TICT,10.1002/adfm.201902673,failed
2202.0,f-TPE-PyH,C(/C1=CC=CC=C1)(c2ccccc2c3cc[nH+]cc3)=C(C4=CC=CC=C4)c5c(c6cc[nH+]cc6)cccc5.[Cl-].[Cl-],"J.Phys.Chem.Lett.2019,10,2648-2656",559.0,,,AIE,ICT,10.1021/acs.jpclett.9b01040,failed
2204.0,f-TPE-PPyH,C(/C1=CC=CC=C1)(c2ccccc2c3ccc(c4cc[nH+]cc4)cc3)=C(C5=CC=CC=C5)c6c(c7ccc(c8cc[nH+]cc8)cc7)cccc6.[Cl-].[Cl-],"J.Phys.Chem.Lett.2019,10,2648-2656",711.0,,,AIE,ICT,10.1021/acs.jpclett.9b01040,failed
2205.0,l-TPE-PyH,C(/c1ccc(c2cc[nH+]cc2)cc1)(C3=CC=CC=C3)=C(C4=CC=CC=C4)c5ccc(c6cc[nH+]cc6)cc5.[Cl-].[Cl-],"J.Phys.Chem.Lett.2019,10,2648-2656",559.0,,,AIE,ICT,10.1021/acs.jpclett.9b01040,failed
2285.0,DTPA4TPAN,N#C/C(C(C=C1)=CC=C1C(C=C2)=CC=C2N(C3=CC=C(C(C=C4)=CC=C4N(C5=CC=C(C6=CC=C(/C(C#N)=C(C7=CC=CC=C7)/C8=CC=CC=C8)C=C6)C=C5)C9=CC=C(C%10=CC=C(/C(C#N)=C(C%11=CC=CC=C%11)/C%12=CC=CC=C%12)C=C%10)C=C9)C=C3)C%13=CC=C(C%14=CC=C(/C(C#N)=C(C%15=CC=CC=C%15)/C%16=CC=CC=C%16)C=C%14)C=C%13)=C(C%17=CC=CC=C%17)C%18=CC=CC=C%18,"Chem.Mater.,2012,24,1518-1528",1605.65,,,AIE,ICT,10.1021/cm300416y,failed
87.0,AIE-SRS-Mito,CC[n+]1ccc(c2ccc(/C(C#N)=C/c3ccc(C#Cc4ccccc4)cc3)cc2)cc1.F[P-](F)(F)(F)(F)F,,556.4922,,,AIE,ICT,,failed
156.0,Bnpy-TPA,N#C/C(c1ccc(c2cc[n+](Cc3ccccc3)cc2)cc1)=C\c4ccc(N(c5ccccc5)c6ccccc6)cc4.[Br],,619.16,,,AIE,ICT,,failed
209.0,BTPE-BBT,CCCCOc1ccc(cc1)C(=C(c1ccccc1)c1ccc(cc1)-c1c2N=S=Nc2c(c2N=S=Nc12)-c1ccc(cc1)C(=C(c1ccc(OCCCC)cc1)c1ccc(OCCCC)cc1)c1ccccc1)c1ccc(OCCCC)cc1,,1143.5,,,AIE,ICT,,failed
228.0,IVP-42,CC[n+]1ccc(/C=C/c2c3ccccc3n(CCCC)c2)cc1,"Chem. Sci., 2020, 11, 7676-7684",450.409,,,AIE,ICT,,failed
230.0,IVP-06,CCCCCC[n+]1ccc(/C=C/c2c3ccccc3[nH]c2)cc1,"Chem. Sci., 2020, 11, 7676-7684",450.409,,,AIE,ICT,,failed
231.0,IVP-62,CC[n+]1ccc(/C=C/c2c3ccccc3n(CCCCCC)c2)cc1,"Adv. Mater., 2018, 30, 1706856. ACS Nano, 2018, 12, 7936-7945",478.463,,,AIE,ICT,,failed
300.0,2TPE-2NDTA,O=C(c1c(S/C(S2)=C(c3ccc(/C(c4ccccc4)=C(c5ccccc5)/c6ccccc6)cc3)/C#N)c2c(C(N(CC(CCCCCCCCCCCC)CCCCCCCCCC)C7=O)=O)c8c7c(S/C(S9)=C(\C(C#N)=C%10Sc%11c%12c%13c(C(N(CC(CCCCCCCCCCCC)CCCCCCCCCC)C%12=O)=O)c%14c(S/C(S%14)=C(c%15ccc(/C(c%16ccccc%16)=C(c%17ccccc%17)\c%18ccccc%18)cc%15)/C#N)c%19c%13c(C(N(CC(CCCCCCCCCCCC)CCCCCCCCCC)C%19=O)=O)c%11S/%10)C#N)c9c%20c81)N(CC(CCCCCCCCCCCC)CCCCCCCCCC)C%20=O,"Nat. Commun., 2019, 10, 768",,,,AIE,ICT,,failed
325.0,CoTAPc,Nc1cc2c(N=C(c3ccc(N)cc34)N5C4=Nc6c7ccc(N)cc7c8n6[Co]95N%10C(c%11cc(N)ccc%11C%10=N8)=N%12)n9c%12c2cc1,"Energy Environ. Sci., 2021,14, 483-492",,,,AIE,ICT,,failed
326.0,CoTMAPc,C[N+](C)(C)c1cc2c(N=C(c3ccc([N+](C)(C)C)cc34)N5C4=Nc6c7ccc([N+](C)(C)C)cc7c8n6[Co]95N%10C(c%11cc([N+](C)(C)C)ccc%11C%10=N8)=N%12)n9c%12c2cc1,"Energy Environ. Sci., 2021,14, 483-492",,,,AIE,ICT,,failed
327.0,C6-BD,Oc1c(/C=N/N=C/c2ccc(OCCCCCC[n+]3ccccc3)cc2)ccc4ccccc41,"Mater. Chem. Front., 2021,5, 2724-2729",,,,AIE,ESIPT,,failed
329.0,TPE-DMAB,C[N+](C)(Cc1ccc(B(O)O)cc1)c2ccc(C(c3ccccc3)C(c4ccccc4)c5ccc([N+](C)(Cc6ccc(B(O)O)cc6)C)cc5)cc2,"Mater. Chem. Front., 2021,5, 1830-1835",,,,AIE,ICT,,failed
