id,code,SMILES,reference,molecular_weight,emission_solid,emission_aggr,features_id,mechanism_id,doi,aTB,original_level,difficulty_level,source_split_file,source_row_index,new_level
1022.0,TPEAn,C1(/C(C2=CC=CC=C2)=C(C3=CC=C(C4=C(C=CC=C5)C5=CC6=C4C=CC=C6)C=C3)\C7=CC=CC=C7)=CC=CC=C1,"Chem. Sci., 2011, 2, 672",508.0,450.0,,AIE,other,10.1039/c0sc00521e,success,1,1,1_level.csv,0,1
1023.0,TPEPa,C1(/C(C2=CC=CC=C2)=C(C3=CC=C(C4=CC(C=CC=C5)=C5C6=C4C=CC=C6)C=C3)\C7=CC=CC=C7)=CC=CC=C1,"Chem. Sci., 2011, 2, 672",508.0,481.0,,AIE,other,10.1039/c0sc00521e,success,1,1,1_level.csv,1,1
1026.0,TPECa,C1(/C(C2=CC=CC=C2)=C(C3=CC=C(C4=NC=CC5=C4C=CC=C5)C=C3)\C6=CC=CC=C6)=CC=CC=C1,"Chem. Sci., 2011, 2, 672",459.0,468.0,,AIE,other,10.1039/c0sc00521e,success,1,1,1_level.csv,4,1
1027.0,TPEIq,C1(/C(C2=CC=CC=C2)=C(C3=CC=C(N4C5=C(C=CC=C5)C6=C4C=CC=C6)C=C3)\C7=CC=CC=C7)=CC=CC=C1,"Chem. Sci., 2011, 2, 672",497.0,471.0,,AIE,other,10.1039/c0sc00521e,success,1,1,1_level.csv,5,1
1028.0,BTPETD,C1(/C(C2=CC=C(C3=CC=C(C4=CC=C(C5=CC=C(/C(C6=CC=CC=C6)=C(C7=CC=CC=C7)\C8=CC=CC=C8)C=C5)C9=NSN=C94)S3)C=C2)=C(C%10=CC=CC=C%10)\C%11=CC=CC=C%11)=CC=CC=C1,"Chem. Commun., 2011, 47, 8847–8849",879.0,539.0,,AIE,other,10.1039/c1cc12775f,success,1,1,1_level.csv,6,1
1049.0,TPE-4SF,C(/C1=CC=C(C2=CC=C(C(C=CC=C3)=C3C45C6=CC=CC=C6C7=C5C=CC=C7)C4=C2)C=C1)(C8=CC=C(C9=CC=C(C(C=CC=C%10)=C%10C%11%12C%13=CC=CC=C%13C%14=C%12C=CC=C%14)C%11=C9)C=C8)=C(C%15=CC=C(C%16=CC=C(C(C=CC=C%17)=C%17C%18%19C%20=CC=CC=C%20C%21=C%19C=CC=C%21)C%18=C%16)C=C%15)/C%22=CC=C(C%23=CC=C(C(C=CC=C%24)=C%24C%25%26C%27=CC=CC=C%27C%28=C%26C=CC=C%28)C%25=C%23)C=C%22,"Chem. Commun., 2013, 49, 594--596",1590.0,521.0,,AIE,other,10.1039/c2cc37928g,success,1,1,1_level.csv,9,1
1051.0,TPE-4TPA,C(/C1=CC=C(C2=CC=C(N(C3=CC=CC=C3)C4=CC=CC=C4)C=C2)C=C1)(C5=CC=C(C(C=C6)=CC=C6N(C7=CC=CC=C7)C8=CC=CC=C8)C=C5)=C(C9=CC=C(C(C=C%10)=CC=C%10N(C%11=CC=CC=C%11)C%12=CC=CC=C%12)C=C9)/C%13=CC=C(C(C=C%14)=CC=C%14N(C%15=CC=CC=C%15)C%16=CC=CC=C%16)C=C%13,"Chem. Commun., 2013, 49, 594--596",1305.0,522.0,,AIE,other,10.1039/c2cc37928g,success,1,1,1_level.csv,11,1
1082.0,5-BTMPS,C[Si]1(C2=CC=CC=C2)C(C3C=C4C(C=CC=C4)S3)=C(C5=CC=CC=C5)C(C6=CC=CC=C6)=C1C7SC8C(C=CC=C8)=C7,"Chem. Eur. J. 2015, 21, 8137 – 8147",530.0,502.0,,AIE,other,10.1002/chem.201500002,success,1,1,1_level.csv,27,1
1094.0,m2Cz-TAn-CN,CC(C)C1=CC2=C(C=C1)C(C3=CC=C(C#N)C=C3)=C4C(C=CC(C(C)C)=C4)=C2C5=CC(N6C7=C(C=CC=C7)C8C6C=CC=C8)=CC(N9C%10=C(C=CC=C%10)C%11=C9C=CC=C%11)=C5,"Mater. Chem. Front., 2021, 5, 6978–6986",772.0,454.0,,AIE,other,10.1039/d1qm00880c,success,1,1,1_level.csv,31,1
1095.0,mCz-TAn-CN,CC(C)C1=CC2=C(C=C1)C(C3=CC=C(C#N)C=C3)=C4C(C=CC(C(C)C)=C4)=C2C5=CC(N6C7=C(C=CC=C7)C8C6C=CC=C8)=CC=C5,"Mater. Chem. Front., 2021, 5, 6978–6986",606.0,453.0,,AIE,other,10.1039/d1qm00880c,success,1,1,1_level.csv,32,1
1105.0,BTPEBCF,CCCCCCCN1C2=C(C=CC=C2)C3=C1C=CC(C4(C5=CC=C(N(CCCCCCC)C6=C7C=CC=C6)C7=C5)C8=CC(C9=CC=C(/C(C%10=CC=CC=C%10)=C(C%11=CC=CC=C%11)/C%12=CC=CC=C%12)C=C9)=CC=C8C%13=C4C=C(C%14=CC=C(/C(C%15=CC=CC=C%15)=C(C%16=CC=CC=C%16)\C%17=CC=CC=C%17)C=C%14)C=C%13)=C3,"J. Mater. Chem., 2011, 21, 10949–10956",1353.7,487.0,,AIE,other,10.1039/c1jm10221d,success,1,1,1_level.csv,34,1
1107.0,TPEBPy,C1(/C(C2=CC=CC=C2)=C(C3=CC=CC=C3)/C4=CC=C(C5=CC=C(C=C6)C7=C5C=CC8=C7C6=CC=C8)C=C4)=CC=C(C9=CC=C(C=C%10)C%11=C9C=CC%12=CC=CC%10=C%11%12)C=C1,"Chem. Asian J., 2012, 7, 484–488",732.28,488.0,,AIE,other,10.1002/asia.201100753,success,1,1,1_level.csv,35,1
1108.0,TPEBAn,C1(/C(C2=CC=CC=C2)=C(C3=CC=CC=C3)/C4=CC=C(C5=C(C=CC=C6)C6=CC7=C5C=CC=C7)C=C4)=CC=C(C8=C(C=CC=C9)C9=CC%10=C8C=CC=C%10)C=C1,"Chem. Asian J., 2012, 7, 484–488",684.28,486.0,,AIE,other,10.1002/asia.201100753,success,1,1,1_level.csv,36,1
1109.0,TPEBPa,C1(/C(C2=CC=CC=C2)=C(C3=CC=CC=C3)/C4=CC=C(C5=C(C=CC=C6)C6=C(C=CC=C7)C7=C5)C=C4)=CC=C(C8=CC(C=CC=C9)=C9C%10=C8C=CC=C%10)C=C1,"Chem. Asian J., 2012, 7, 484–488",684.29,475.0,,AIE,other,10.1002/asia.201100753,success,1,1,1_level.csv,37,1
1110.0,TPEBNp,C1(/C(C2=CC=CC=C2)=C(C3=CC=CC=C3)/C4=CC=C(C5=CC=CC6=C5C=CC=C6)C=C4)=CC=C(C7=CC=CC8=C7C=CC=C8)C=C1,"Chem. Asian J., 2012, 7, 484–488",584.25,474.0,,AIE,other,10.1002/asia.201100753,success,1,1,1_level.csv,38,1
1111.0,TPEB-2-Np,C1(/C(C2=CC=CC=C2)=C(C3=CC=CC=C3)/C4=CC=C(C5=CC=C(C=CC=C6)C6=C5)C=C4)=CC=C(C7=CC(C=CC=C8)=C8C=C7)CC1,"Chem. Asian J., 2012, 7, 484–488",584.25,492.0,,AIE,other,10.1002/asia.201100753,success,1,1,1_level.csv,39,1
1112.0,p-BTPATPE,C1(/C(C2=CC=C(C3=CC=C(N(C4=CC=CC=C4)C5=CC=CC=C5)C=C3)C=C2)=C(C6=CC=C(C7=CC=C(N(C8=CC=CC=C8)C9=CC=CC=C9)C=C7)C=C6)/C%10=CC=CC=C%10)=CC=CC=C1,"Chem. Commun., 2011, 47, 6924–6926",818.37,509.0,,AIE,other,10.1039/c1cc12011e,success,1,1,1_level.csv,40,1
1121.0,(Z)-o-BBPTPE,c1(c2ccc(c3ccccc3/C(C4=CC=CC=C4)=C(C5=CC=CC=C5)/c6ccccc6c7ccc(c8ccccc8)cc7)cc2)ccccc1,"Chem. Commun., 2014, 50, 1131--1133",636.0,472.0,,AIE,other,10.1039/c3cc47696k,success,1,1,1_level.csv,41,1
1628.0,TPE,C1(C#CC2=CC=C(/C(C3=CC=CC=C3)=C(C4=CC=CC=C4)\C5=CC=CC=C5)C=C2)=CC=C(/C(C6=CC=CC=C6)=C(C7=CC=CC=C7)\C8=CC=CC=C8)C=C1,,686.898,,334.0,AIE,other,10.1002/chem.201203840,success,1,1,1_level.csv,45,1
1778.0,TPP-2P,C1(C2=CC=CC=C2)=C(C3=CC=C(C4=CC=CC=C4)C=C3)N=C(C5=CC=CC=C5)C(C6=CC=C(C7=CC=CC=C7)C=C6)=N1,"Chem.Sci.,2015,6,1932-1937",537.0,442.0,,AIE,other,10.1039/C4SC03365E,success,1,1,1_level.csv,52,1
1779.0,TPP-2PM,COC1=CC=C(C(C=C2)=CC=C2C3=C(C4=CC=CC=C4)N=C(C5=CC=C(C6=CC=C(OC)C=C6)C=C5)C(C7=CC=CC=C7)=N3)C=C1,"Chem.Sci.,2015,6,1932-1937",597.0,453.0,,AIE,other,10.1039/C4SC03365E,success,1,1,1_level.csv,53,1
1793.0,TPP-p-TPE,C1(C2=CC=CC=C2)=C(C3=CC=C(C=C3)/C(C4=CC=CC=C4)=C(C5=CC=CC=C5)/C6=CC=CC=C6)N=C(C7=CC=CC=C7)C(C8=CC=CC=C8)=N1,"Adv.Funct.Mater.2019,29,1903834.",639.0,477.0,,AIE,other,10.1002/adfm.201903834,success,1,1,1_level.csv,56,1
1794.0,TPP-m-TPE,C1(C2=CC=CC=C2)=C(C3=CC=CC(/C(C4=CC=CC=C4)=C(C5=CC=CC=C5)/C6=CC=CC=C6)=C3)N=C(C7=CC=CC=C7)C(C8=CC=CC=C8)=N1,"Adv.Funct.Mater.2019,29,1903834.",639.0,468.0,,AIE,other,10.1002/adfm.201903834,success,1,1,1_level.csv,57,1
1795.0,TPP-o-TPE,C1(C2=CC=CC=C2)=C(C(C=CC=C3)=C3/C(C4=CC=CC=C4)=C(C5=CC=CC=C5)/C6=CC=CC=C6)N=C(C7=CC=CC=C7)C(C8=CC=CC=C8)=N1,"Adv.Funct.Mater.2019,29,1903834.",639.0,454.0,,AIE,other,10.1002/adfm.201903834,success,1,1,1_level.csv,58,1
1796.0,DCP-TPA,N#CC1=NC(N=C(C2=CC=C(N(C3=CC=CC=C3)C4=CC=CC=C4)C=C2)C(C5=CC=C(N(C6=CC=CC=C6)C7=CC=CC=C7)C=C5)=N8)=C8N=C1C#N,"ACSNano2020,14,4265−4275",669.0,,900.0,AIE,other,10.1021/acsnano.9b09625,success,1,1,1_level.csv,59,1
1816.0,5CzBN-DPhCz,N#CC1=[C@@]([N@@]2C(C=CC=C3)=C3C4=C2C=CC=C4)[C@@]([N@@]5C(C=CC=C6OCCCCCCOC7=CC=C(N8C(C=CC=C9)=C9C%10=C8C=CC=C%10)C=C7)=C6C%11=C5C=CC=C%11)=C(N%12C%13=C(C=CC=C%13)C%14=C%12C=CC=C%14)[C@@]([N@@]%15C%16=C(C(OCCCCCCOC%17=CC=C(N%18C(C=CC=C%19)=C%19C%20=C%18C=CC=C%20)C=C%17)=CC=C%16)C%21=C%15C=CC=C%21)=[C@@]1[N@@]%22C%23=C(C=CC=C%23)C%24=C%22C=CC=C%24,"Aggregate 2022, 3,e164",1644.01,505.0,,AIE,other,10.1002/agt2.164,success,1,1,1_level.csv,60,1
1821.0,5CzBN-PPhCz,N#CC1=[C@@]([N@@]2C(C=CC=C3OCCCCCCOC4=CC=C(N5C(C=CC=C6)=C6C7=C5C=CC=C7)C=C4)=C3C8=C2C=CC=C8)[C@@]([N@@]9C(C=CC=C%10OCCCCCCOC%11=CC=C(N%12C(C=CC=C%13)=C%13C%14=C%12C=CC=C%14)C=C%11)=C%10C%15=C9C=CC=C%15)=C(N%16C%17=C(C(OCCCCCCOC%18=CC=C(N%19C(C=CC=C%20)=C%20C%21=C%19C=CC=C%21)C=C%18)=CC=C%17)C%22=C%16C=CC=C%22)[C@@]([N@@]%23C%24=C(C(OCCCCCCOC%25=CC=C(N%26C(C=CC=C%27)=C%27C%28=C%26C=CC=C%28)C=C%25)=CC=C%24)C%29=C%23C=CC=C%29)=[C@@]1[N@@]%30C%31=C(C(OCCCCCCOC%32=CC=C(N%33C(C=CC=C%34)=C%34C%35=C%33C=CC=C%35)C=C%32)=CC=C%31)C%36=C%30C=CC=C%36,"Aggregate 2022, 3,e164",2716.36,507.0,,AIE,other,10.1002/agt2.164,success,1,1,1_level.csv,61,1
1857.0,PDIPQ-C6,CCCCCCCC(CCCCCC)n%29c(=O)c%30ccc%31c%33ccc%34c(=O)n(C(CCCCC)CCCCCC)c(=O)c%35ccc(c%32c(c%28ccc(c%19nc%18cc%17nc(c8ccc(c1cc4c(=O)n(C(CCCCCC)CCCCCCC)c(=O)c3ccc2c5ccc6c(=O)n(C(CCCCCC)CCCCCC)c(=O)c7ccc(c1c2c34)c5c67)cc8C)c(c%16ccc(c9cc%12c(=O)n(C(CCCCCC)CCCCCCC)c(=O)c%11ccc%10c%13ccc%14c(=O)n(C(CCCCCC)CCCCCC)c(=O)c%15ccc(c9c%10c%11%12)c%13c%14%15)cc%16)nc%17cc%18nc%19c%27ccc(c%20cc%23c(=O)n(C(CCCCCC)CCCCCCC)c(=O)c%22ccc%21c%24ccc%25c(=O)n(C(CCCCCC)CCCCCC)c(=O)c%26ccc(c%20c%21c%22%23)c%24c%25%26)cc%27)cc%28)cc(c%29=O)c%30c%31%32)c%33c%34%35,"Mater.Chem.Front.,2018,2,2104-2108.",3497.9,629.0,,AIE,other,10.1039/C8QM00451J.,success,1,1,1_level.csv,65,1
1864.0,GlcNAc-TPE,COc7ccc(/C(=C(c1ccccc1)c5ccc(c4cc[n+](Cc3ccc(OC2O[C@H](CO)C(O)[C@H](O)C2NC(C)=O)cc3)cc4)cc5)c6ccc(OC)cc6)cc7.[Br-],"Anal.Chem.,2019,91,12611-12614.",858.252,,612.0,AIE,other,10.1021/acs.analchem.9b03832,success,1,1,1_level.csv,66,1
1914.0,Py-4MethylTPE,CC1=CC(/C(C2=CC=CC=C2)=C(C3=CC=CC=C3)C4=CC=CC=C4)=CC=C1C5=C(C6=C78)C=CC8=C(C(C(C)=C9)=CC=C9/C(C%10=CC=CC=C%10)=C(C%11=CC=CC=C%11)C%12=CC=CC=C%12)C=C(C(C(C)=C%13)=CC=C%13/C(C%14=CC=CC=C%14)=C(C%15=CC=CC=C%15)C%16=CC=CC=C%16)C7=CC=C6C(C%17=CC(C)=CC(/C(C%18=CC=CC=C%18)=C(C%19=CC=CC=C%19)C%20=CC=CC=C%20)=C%17)=C5,"Chem.Eur.J.2015,21,6862-6868",1580.0,453.0,459.0,AIE,other,10.1002/chem.201406190,success,1,1,1_level.csv,72,1
1917.0,Si-pTPE,C1(C(C=C2)=CC3=C2C(C=CC(C(C=C4)=CC=C4/C(C5=CC=CC=C5)=C(C6=CC=CC=C6)/C7=CC=CC=C7)=C8)=C8[Si]3(C9=CC=CC=C9)C%10=CC=CC=C%10)=CC=C(C=C1)/C(C%11=CC=CC=C%11)=C(C%12=CC=CC=C%12)/C%13=CC=CC=C%13,"J.Mater.Chem.C,2015,3,2624",995.0,498.0,498.0,AIE,other,10.1039/c4tc02631d,success,1,1,1_level.csv,74,1
1918.0,Si-tPE,C(/C1=CC=CC=C1)(C(C=C2)=CC3=C2C(C=CC(/C(C4=CC=CC=C4)=C(C5=CC=CC=C5)/C6=CC=CC=C6)=C7)=C7[Si]3(C8=CC=CC=C8)C9=CC=CC=C9)=C(C%10=CC=CC=C%10)/C%11=CC=CC=C%11,"J.Mater.Chem.C,2015,3,2624",843.0,496.0,498.0,AIE,other,10.1039/c4tc02631d,success,1,1,1_level.csv,75,1
1919.0,Si-mTPE,C1(C(C=C2)=CC3=C2C(C=CC(C4=CC=CC(/C(C5=CC=CC=C5)=C(C6=CC=CC=C6)/C7=CC=CC=C7)=C4)=C8)=C8[Si]3(C9=CC=CC=C9)C%10=CC=CC=C%10)=CC=CC(/C(C%11=CC=CC=C%11)=C(C%12=CC=CC=C%12)/C%13=CC=CC=C%13)=C1,"J.Mater.Chem.C,2015,3,2624",995.0,468.0,474.0,AIE,other,10.1039/c4tc02631d,success,1,1,1_level.csv,76,1
1934.0,DAdDMA,O=C(CCCCCCCOC1=CC(C=O)=C(C=C1C=O)OCCCCCCCC(NC23CC4CC(CC(C3)C4)C2)=O)NC56CC7CC(CC(C6)C7)C5,"Adv.Sci.2020,7,2001909",717.0,479.0,,AIE,other,10.1002/advs.202001909,success,1,1,1_level.csv,77,1
1937.0,TPE-TTMN-TPA,N#C/C(C#N)=CC(S1)=CC=C1C(C=C2)=CC=C2N(C3=CC=C(N(C4=CC=CC=C4)C5=CC=CC=C5)C=C3)C(C=C6)=CC=C6/C(C7=CC=CC=C7)=C(C8=CC=CC=C8)/C9=CC=CC=C9,"ACSNano2021,15,10689−10699",825.046,770.0,712.0,AIE,other,10.1021/acsnano.1c03700,success,1,1,1_level.csv,78,1
1940.0,MeOTTI,O=C(C1=C(C/2=O)C=CC=C1)C2=CC(S3)=CC=C3C(C=C4)=CC=C4N(C5=CC=C(OC)C=C5)C6=CC=C(OC)C=C6,"Adv.Mater.2021,33,2103748",543.63,704.0,,AIE,other,10.1002/adma.202103748,success,1,1,1_level.csv,79,1
1992.0,BTPE-C1,C1(/C(C2=CC=CC=C2)=C(C3=CC=C(OCOC4=CC=C(/C(C5=CC=CC=C5)=C(C6=CC=CC=C6)/C7=CC=CC=C7)C=C4)C=C3)C8=CC=CC=C8)=CC=CC=C1,"Adv.Funct.Mater.2018,28,1707210",708.3,,468.0,AIE,other,10.1002/adfm.201707210,success,1,1,1_level.csv,88,1
1993.0,BTPE-C8,C1(/C(C2=CC=CC=C2)=C(C3=CC=C(OCCCCCCCCOC4=CC=C(/C(C5=CC=CC=C5)=C(C6=CC=CC=C6)/C7=CC=CC=C7)C=C4)C=C3)C8=CC=CC=C8)=CC=CC=C1,"Adv.Funct.Mater.2018,28,1707210",806.4,,472.0,AIE,other,10.1002/adfm.201707210,success,1,1,1_level.csv,89,1
1994.0,BTPE-C12,C1(/C(C2=CC=CC=C2)=C(C3=CC=C(OCCCCCCCCCCCCOC(C=C4)=CC=C4/C(C5=CC=CC=C5)=C(C6=CC=CC=C6)/C7=CC=CC=C7)C=C3)C8=CC=CC=C8)=CC=CC=C1,"Adv.Funct.Mater.2018,28,1707210",864.4,,474.0,AIE,other,10.1002/adfm.201707210,success,1,1,1_level.csv,90,1
1995.0,TPAP,C1(N(C2=CC=C(C3=NC=CC=C3)C=C2)C4=CC=CC=C4)=CC=CC=C1,"Chem.Mater.2018,30,7892−7901",322.15,425.0,,AIE,other,10.1021/acs.chemmater.8b03495,success,1,1,1_level.csv,91,1
1999.0,2-CzTPE,CCN1C2=C(C=CC=C2)C3=C1C=CC(/C(C4=CC=CC=C4)=C(C5=CC=CC=C5)C6=CC=CC=C6)=C3,"Adv.Electron.Mater.2018,1800354",449.21,,489.6,AIE,other,10.1002/aelm.201800354,success,1,1,1_level.csv,93,1
2000.0,"2,7-CzTPE",CCN1C2=C(C=CC(/C(C3=CC=CC=C3)=C(C4=CC=CC=C4)C5=CC=CC=C5)=C2)C6=C1C=CC(/C(C7=CC=CC=C7)=C(C8=CC=CC=C8)C9=CC=CC=C9)=C6,"Adv.Electron.Mater.2018,1800354",703.3,,489.8,AIE,other,10.1002/aelm.201800354,success,1,1,1_level.csv,94,1
2057.0,TTCPY-3,CC[N+](C=C1)=CC=C1/C(C#N)=C/C(S2)=CC=C2C(C=C3)=CC=C3N(C4=CC=CC=C4)C5=CC=CC=C5.[Br-],"Adv.Sci.2022,9,2104079",564.0,748.0,,AIE,other,10.1002/advs.202104079,success,1,1,1_level.csv,108,1
2064.0,TFM,COC(C=C1)=CC=C1N(C2=CC=C(OC)C=C2)C(C=C3)=CC=C3C4=CC=C(C(C=CC(C5=CC=C(N(C6=CC=C(OC)C=C6)C7=CC=C(OC)C=C7)C=C5)=C8)=C8/C9=C(C#N)/C#N)C9=C4,"Angew.Chem.Int.Ed.2019,58,5628",834.32,838.0,836.0,AIE,other,10.1002/anie.201900366,success,1,1,1_level.csv,110,1
2146.0,DP-BTO,O=S1(C2=C(C=CC=C2)C(C3=CC=CC=C3)=C1C4=CC=CC=C4)=O,"Chem.Commun.,2017,53,1463-1466",316.0,436.0,,AIE,other,10.1039/c6cc09892d,success,1,1,1_level.csv,119,1
2147.0,o-DMP-BTO,O=S1(C2=C(C=CC=C2)C(C3=CC=CC=C3C)=C1C4=C(C)C=CC=C4)=O,"Chem.Commun.,2017,53,1463-1466",348.0,405.0,,AIE,other,10.1039/c6cc09892d,success,1,1,1_level.csv,120,1
2148.0,m-DMP-BTO,O=S1(C2=C(C=CC=C2)C(C3=CC=CC(C)=C3)=C1C4=CC(C)=CC=C4)=O,"Chem.Commun.,2017,53,1463-1466",348.0,442.0,,AIE,other,10.1039/c6cc09892d,success,1,1,1_level.csv,121,1
2149.0,p-DMP-BTO,O=S1(C2=C(C=CC=C2)C(C3=CC=C(C)C=C3)=C1C4=CC=C(C)C=C4)=O,"Chem.Commun.,2017,53,1463-1466",348.0,456.0,,AIE,other,10.1039/c6cc09892d,success,1,1,1_level.csv,122,1
2150.0,DTBP-BTO,O=S1(C2=C(C=CC=C2)C(C3=CC=C(C(C)(C)C)C=C3)=C1C4=CC=C(C(C)(C)C)C=C4)=O,"Chem.Commun.,2017,53,1463-1466",430.0,447.0,,AIE,other,10.1039/c6cc09892d,success,1,1,1_level.csv,123,1
2151.0,DMOP-BTO,O=S1(C2=C(C=CC=C2)C(C3=CC=C(OC)C=C3)=C1C4=CC=C(OC)C=C4)=O,"Chem.Commun.,2017,53,1463-1466",378.0,466.0,,AIE,other,10.1039/c6cc09892d,success,1,1,1_level.csv,124,1
2152.0,DFP-BTO,O=S1(C2=C(C=CC=C2)C(C3=CC=C(F)C=C3)=C1C4=CC=C(F)C=C4)=O,"Chem.Commun.,2017,53,1463-1466",354.0,439.0,,AIE,other,10.1039/c6cc09892d,success,1,1,1_level.csv,125,1
2153.0,DTFMP-BTO,O=S1(C2=C(C=CC=C2)C(C3=CC=C(C(F)(F)F)C=C3)=C1C4=CC=C(C(F)(F)F)C=C4)=O,"Chem.Commun.,2017,53,1463-1466",454.0,436.0,,AIE,other,10.1039/c6cc09892d,success,1,1,1_level.csv,126,1
2154.0,DBP-BTO,O=S1(C2=C(C=CC=C2)C(C3=CC=C(C4=CC=CC=C4)C=C3)=C1C5=CC=C(C6=CC=CC=C6)C=C5)=O,"Chem.Commun.,2017,53,1463-1466",470.0,472.0,,AIE,other,10.1039/c6cc09892d,success,1,1,1_level.csv,127,1
2155.0,DTPA-BTO,O=S1(C2=C(C=CC=C2)C(C3=CC=C(N(C4=CC=CC=C4)C5=CC=CC=C5)C=C3)=C1C6=CC=C(N(C7=CC=CC=C7)C8=CC=CC=C8)C=C6)=O,"Chem.Commun.,2017,53,1463-1466",652.0,573.0,,AIE,other,10.1039/c6cc09892d,success,1,1,1_level.csv,128,1
2163.0,2P-BTO,O=S1(C2=CC=CC=C2C3[C@@]1(C4[C@@]3(S(C5=C4C=CC=C5)(=O)=O)C6=CC=CC=C6)C7=CC=CC=C7)=O,"Angew.Chem.Int.Ed.,2020,59,1-6",484.0,415.0,,AIE,other,10.1002/anie.201913383,success,1,1,1_level.csv,135,1
2165.0,2MOP-BTO,O=S1(C2=CC=CC=C2C3[C@@]1(C4[C@@]3(S(C5=C4C=CC=C5)(=O)=O)C6=CC=C(OC)C=C6)C7=CC=C(OC)C=C7)=O,"Angew.Chem.Int.Ed.,2020,59,1-6",544.0,451.0,,AIE,other,10.1002/anie.201913383,success,1,1,1_level.csv,136,1
2178.0,DCSBF-BP-PXZ,O=C(C1=CC=C(N(C2=CC=C(C(C=CC(N3C(C=CC=C4)=C4C5=C3C=CC=C5)=C6)=C6C78C9=CC=CC=C9C%10=C8C=CC=C%10)C7=C2)C%11=C%12C=CC=C%11)C%12=C1)C%13=CC=C(N%14C(C=CC=C%15)=C%15OC%16=C%14C=CC=C%16)C=C%13,"AdvancedOpticalMaterials,2020,8(21):2001027.",931.0,527.0,,AIE,other,10.1002/adom.202001027,success,1,1,1_level.csv,137,1
2181.0,f-TPE-BPy,C(/C1=C(C2=CC=NC=C2)C=CC=C1)(C3=CC=CC=C3)=C(C4=CC=CC=C4C5=CC=NC=C5)C6=CC=CC=C6,"Chem.Commun.,2016,52,10842-10845",487.0,474.0,,AIE,other,10.1039/c6cc04233c,success,1,1,1_level.csv,138,1
2183.0,f-TPE-BPSMe,CSc1ccc(cc1)c2ccccc2/C(c3ccccc3)=C(c4ccccc4)c5ccccc5c6ccc(SC)cc6,"Chem.Commun.,2016,52,10842-10845",576.0,467.0,,AIE,other,10.1039/c6cc04233c,success,1,1,1_level.csv,139,1
2185.0,f-TPE-BPOMe,COc1ccc(cc1)c2ccccc2/C(c3ccccc3)=C(c4ccccc4)c5ccccc5c6ccc(OC)cc6,"Chem.Commun.,2016,52,10842-10845",544.0,462.0,,AIE,other,10.1039/c6cc04233c,success,1,1,1_level.csv,140,1
2188.0,f-TPE-BPF,Fc1ccc(cc1)c2ccccc2/C(c3ccccc3)=C(c4ccccc4)c5ccccc5c6ccc(F)cc6,"Chem.Commun.,2016,52,10842-10845",520.0,466.0,,AIE,other,10.1039/c6cc04233c,success,1,1,1_level.csv,141,1
2203.0,f-TPE-Fu,C(/C1=C(C2=CC=CO2)C=CC=C1)(C3=CC=CC=C3)=C(C4=CC=CC=C4C5=CC=CO5)C6=CC=CC=C6,"CCSChem.2022,4,286-303",464.0,469.0,,AIE,other,10.31635/ccschem.021.202000677,success,1,1,1_level.csv,142,1
2207.0,f-TPE-Th,C(/C1=C(C2=CC=CS2)C=CC=C1)(C3=CC=CC=C3)=C(C4=CC=CC=C4C5=CC=CS5)C6=CC=CC=C6,"CCSChem.2022,4,286-303",496.0,476.0,,AIE,other,10.31635/ccschem.021.202000677,success,1,1,1_level.csv,143,1
2208.0,f-TPE-[2]BTh,C(/C1=C(C2=CC(C=CC=C3)=C3S2)C=CC=C1)(C4=CC=CC=C4)=C(C5=CC=CC=C5C6=CC(C=CC=C7)=C7S6)C8=CC=CC=C8,"CCSChem.2022,4,286-303",596.0,462.0,,AIE,other,10.31635/ccschem.021.202000677,success,1,1,1_level.csv,144,1
2209.0,f-TPE-[2]BFu,C(/C1=C(C2=CC(C=CC=C3)=C3O2)C=CC=C1)(C4=CC=CC=C4)=C(C5=CC=CC=C5C6=CC(C=CC=C7)=C7O6)C8=CC=CC=C8,"CCSChem.2022,4,286-303",564.0,454.0,,AIE,other,10.31635/ccschem.021.202000677,success,1,1,1_level.csv,145,1
2210.0,f-TPE-PFu,C(/C1=C(C2=CC=C(C3=CC=CO3)C=C2)C=CC=C1)(C4=CC=CC=C4)=C(C5=CC=CC=C5C6=CC=C(C7=CC=CO7)C=C6)C8=CC=CC=C8,"CCSChem.2022,4,286-303",616.0,473.0,,AIE,other,10.31635/ccschem.021.202000677,success,1,1,1_level.csv,146,1
2211.0,f-TPE-PTh,C(/C1=C(C2=CC=C(C3=CC=CS3)C=C2)C=CC=C1)(C4=CC=CC=C4)=C(C5=CC=CC=C5C6=CC=C(C7=CC=CS7)C=C6)C8=CC=CC=C8,"CCSChem.2022,4,286-303",648.0,472.0,,AIE,other,10.31635/ccschem.021.202000677,success,1,1,1_level.csv,147,1
2212.0,f-TPE-[5]BFu,C(/C1=C(C2=CC(C=CO3)=C3C=C2)C=CC=C1)(C4=CC=CC=C4)=C(C5=CC=CC=C5C6=CC(C=CO7)=C7C=C6)C8=CC=CC=C8,"CCSChem.2022,4,286-303",564.0,464.0,,AIE,other,10.31635/ccschem.021.202000677,success,1,1,1_level.csv,148,1
2213.0,f-TPE-[5]BTh,C(/C1=C(C2=CC(C=CS3)=C3C=C2)C=CC=C1)(C4=CC=CC=C4)=C(C5=CC=CC=C5C6=CC(C=CS7)=C7C=C6)C8=CC=CC=C8,"CCSChem.2022,4,286-303",596.0,473.0,,AIE,other,10.31635/ccschem.021.202000677,success,1,1,1_level.csv,149,1
2214.0,α-TPA-PIO,O=P1(OCC)C(C2=CC=C(N(C3=CC=CC=C3)C4=CC=CC=C4)C=C2)=C(C5=CC=NC=C5)C6=CC=CC=C61,"Chem.Sci.,2020,11,3405–3417",514.0,,576.0,AIE,other,10.1039/d0sc00785d,success,1,1,1_level.csv,150,1
2218.0,(o-DMP)2PIO,O=P1(C2=CC=CC=C2)C(C3=C(C)C=CC=C3C)=C(C4=C(C)C=CC=C4C)C5=CC=CC=C51,"J.Mater.Chem.C,2017,5,1836-1842",434.0,418.0,,AIE,other,10.1039/c6tc05591e,success,1,1,1_level.csv,151,1
2220.0,(p-BP)2PIO,O=P1(C2=CC=CC=C2)C(C3=CC=C(C4=CC=CC=C4)C=C3)=C(C5=CC=C(C6=CC=CC=C6)C=C5)C7=CC=CC=C71,"J.Mater.Chem.C,2017,5,1836-1842",530.0,492.0,,AIE,other,10.1039/c6tc05591e,success,1,1,1_level.csv,152,1
2222.0,(m-BP)2PIO,O=P1(C2=CC=CC=C2)C(C3=CC=CC(C4=CC=CC=C4)=C3)=C(C5=CC=CC(C6=CC=CC=C6)=C5)C7=CC=CC=C71,"J.Mater.Chem.C,2017,5,1836-1842",530.0,460.0,,AIE,other,10.1039/c6tc05591e,success,1,1,1_level.csv,153,1
2225.0,(o-BP)2PIO,O=P1(C2=CC=CC=C2)C(C3=C(C4=CC=CC=C4)C=CC=C3)=C(C5=CC=CC=C5C6=CC=CC=C6)C7=CC=CC=C71,"J.Mater.Chem.C,2017,5,1836-1842",530.0,458.0,,AIE,other,10.1039/c6tc05591e,success,1,1,1_level.csv,154,1
2230.0,(TPA)2PIO,O=P1(C2=CC=CC=C2)C(C3=CC=C(N(C4=CC=CC=C4)C5=CC=CC=C5)C=C3)=C(C6=CC=C(N(C7=CC=CC=C7)C8=CC=CC=C8)C=C6)C9=CC=CC=C91,"J.Mater.Chem.C,2017,5,1836-1842",712.0,553.0,,AIE,other,10.1039/c6tc05591e,success,1,1,1_level.csv,155,1
2244.0,MFDMS,CC1(C)C2=C(C=CC=C2)C3=C1C=C(C4=C(C5=CC=CC=C5)C(C6=CC=CC=C6)=C(C7=CC8=C(C=C7)C9=C(C=CC=C9)C8(C)C)[Si]4(C)C)C=C3,"Chem.-Eur.J.2014,20(7),1931-1939",647.0,523.0,,AIE,other,10.1002/chem.201303259,success,1,1,1_level.csv,157,1
2245.0,MFMPS,CC1(C)C2=C(C=CC=C2)C3=C1C=C(C4=C(C5=CC=CC=C5)C(C6=CC=CC=C6)=C(C7=CC8=C(C=C7)C9=C(C=CC=C9)C8(C)C)[Si]4(C%10=CC=CC=C%10)C)C=C3,"Chem.-Eur.J.2014,20(7),1931-1939",709.0,534.0,,AIE,other,10.1002/chem.201303259,success,1,1,1_level.csv,158,1
2246.0,PFDMS,C[Si]1(C)C(C(C=C2)=CC3=C2C(C=CC=C4)=C4C3(C5=CC=CC=C5)C6=CC=CC=C6)=C(C7=CC=CC=C7)C(C8=CC=CC=C8)=C1C9=CC%10=C(C=C9)C%11=C(C=CC=C%11)C%10(C%12=CC=CC=C%12)C%13=CC=CC=C%13,"Chem.-Eur.J.2014,20(7),1931-1939",895.0,522.0,,AIE,other,10.1002/chem.201303259,success,1,1,1_level.csv,159,1
2247.0,PFMPS,C[Si]1(C2=CC=CC=C2)C(C(C=C3)=CC4=C3C(C=CC=C5)=C5C4(C6=CC=CC=C6)C7=CC=CC=C7)=C(C8=CC=CC=C8)C(C9=CC=CC=C9)=C1C%10=CC%11=C(C=C%10)C%12=C(C=CC=C%12)C%11(C%13=CC=CC=C%13)C%14=CC=CC=C%14,"Chem.-Eur.J.2014,20(7),1931-1939",957.0,533.0,,AIE,other,10.1002/chem.201303259,success,1,1,1_level.csv,160,1
2249.0,SFMPS,C[Si]1(C2=CC=CC=C2)C(C(C=C3)=CC4=C3C(C=CC=C5)=C5C46C7=CC=CC=C7C8=C6C=CC=C8)=C(C9=CC=CC=C9)C(C%10=CC=CC=C%10)=C1C%11=CC%12=C(C=C%11)C%13=C(C=CC=C%13)C%12%14C%15=CC=CC=C%15C%16=C%14C=CC=C%16,"Chem.-Eur.J.2014,20(7),1931-1939",953.0,535.0,,AIE,other,10.1002/chem.201303259,success,1,1,1_level.csv,162,1
2250.0,NpDMS,C[Si]1(C)C(C2=CC3=C(C=CC=C3)C=C2)=C(C4=CC=CC=C4)C(C5=CC=CC=C5)=C1C6=CC(C=CC=C7)=C7C=C6,"Chem.Commun.,2014,50,4500-4503",514.0,500.0,509.0,AIE,other,10.1039/c4cc00653d,success,1,1,1_level.csv,163,1
2251.0,NpMPS,C[Si]1(C(C2=CC3=C(C=C2)C=CC=C3)=C(C(C4=CC=CC=C4)=C1C5=CC6=C(C=C5)C=CC=C6)C7=CC=CC=C7)C8=CC=CC=C8,"Chem.Commun.,2014,50,4500-4503",576.0,515.0,515.0,AIE,other,10.1039/c4cc00653d,success,1,1,1_level.csv,164,1
2253.0,AnDMS,C[Si]1(C)C(C2=CC3=C(C=C(C=CC=C4)C4=C3)C=C2)=C(C5=CC=CC=C5)C(C6=CC=CC=C6)=C1C7=CC(C=C(C=CC=C8)C8=C9)=C9C=C7,"Chem.Commun.,2014,50,4500-4503",614.0,533.0,546.0,AIE,other,10.1039/c4cc00653d,success,1,1,1_level.csv,165,1
2254.0,AnMPS,C[Si]1(C2=CC=CC=C2)C(C3=CC4=C(C=C(C=CC=C5)C5=C4)C=C3)=C(C6=CC=CC=C6)C(C7=CC=CC=C7)=C1C8=CC(C=C(C=CC=C9)C9=C%10)=C%10C=C8,"Chem.Commun.,2014,50,4500-4503",676.0,559.0,558.0,AIE,other,10.1039/c4cc00653d,success,1,1,1_level.csv,166,1
2333.0,PPPO,O=P1(C2=CC=CC=C2)C(C3=CC=CC=C3)=C(C4=CC=CC=C4)C(C5=CC=CC=C5)=C1C6=CC=CC=C6,"Chem.Eur.J.2015,21,4440-4449",480.55,532.0,,AIE,other,10.1002/chem.201405902,success,1,1,1_level.csv,180,1
2334.0,TPPIO,O=P1(C2=CC=CC=C2)C3=C(C=CC=C3)C(C4=CC=CC=C4)=C1C5=CC=CC=C5,"Chem.Eur.J.2015,21,4440-4449",378.41,478.0,,AIE,other,10.1002/chem.201405902,success,1,1,1_level.csv,181,1
2335.0,TPPI,C1(C2=CC=CC=C2)=C(C3=CC=CC=C3)C(C=CC=C4)=C4P1C5=CC=CC=C5,"Chem.Eur.J.2015,21,4440-4449",362.41,469.0,,AIE,other,10.1002/chem.201405902,success,1,1,1_level.csv,182,1
2349.0,f-DBP-DFLE,c1(c2ccccc2)c(/C(C3=CC=C(C(C=CC=C4)=C4C5)C5=C3)=C(C6=CC(CC7=C8C=CC=C7)=C8C=C6)c9c(c%10ccccc%10)cccc9)cccc1,"J.Mater.Chem.C,2016,4,9316--9324",660.86,498.0,,AIE,other,10.1039/c6tc03767d,success,1,1,1_level.csv,183,1
2350.0,DBP-DPy,C1(C2=C(C(C3=C(C=CC4=CC=C5)C(C4=C5C=C6)=C6C=C3)C(C(C=C7)=C8C=CC9=CC=CC%10=C9C8=C7C=C%10)C%11=CC=CC=C%11C%12=CC=CC=C%12)C=CC=C2)=CC=CC=C1,"J.Mater.Chem.C,2016,4,9316--9324",734.94,502.0,468.0,AIE,other,10.1039/c6tc03767d,success,1,1,1_level.csv,184,1
2351.0,DBP-DTPA,C1(C2=C(C(C3=CC=C(N(C4=CC=CC=C4)C5=CC=CC=C5)C=C3)C(C6=CC=CC=C6C7=CC=CC=C7)C8=CC=C(N(C9=CC=CC=C9)C%10=CC=CC=C%10)C=C8)C=CC=C2)=CC=CC=C1,"J.Mater.Chem.C,2016,4,9316--9324",821.08,479.0,480.0,AIE,other,10.1039/c6tc03767d,success,1,1,1_level.csv,185,1
2392.0,NTPE,C(/C1=CC=CC=C1)(C2=CC=CC=C2)=C(C3=CC=CC=C3)/C4=CC(C=CC=C5)=C5C=C4,"Chem.Commun.,2013,49,2491-2493",382.0,487.0,,AIE,other,10.1039/c3cc00010a,success,1,1,1_level.csv,190,1
2394.0,DNDPE,C(/C1=CC=CC=C1)(C2=CC(C=CC=C3)=C3C=C2)=C(C4=CC=CC=C4)/C5=CC(C=CC=C6)=C6C=C5,"Chem.Commun.,2013,49,2491-2493",432.0,491.0,,AIE,other,10.1039/c3cc00010a,success,1,1,1_level.csv,191,1
2395.0,TNPE,C(/C1=CC=C(C=CC=C2)C2=C1)(C3=CC=CC=C3)=C(C4=CC=C(C=CC=C5)C5=C4)/C6=CC(C=CC=C7)=C7C=C6,"Chem.Commun.,2013,49,2491-2493",482.0,493.0,,AIE,other,10.1039/c3cc00010a,success,1,1,1_level.csv,192,1
2396.0,TNE,C(/C1=CC=C(C=CC=C2)C2=C1)(C3=CC(C=CC=C4)=C4C=C3)=C(C5=CC=C(C=CC=C6)C6=C5)/C7=CC(C=CC=C8)=C8C=C7,"Chem.Commun.,2013,49,2491-2493",532.0,494.0,492.0,AIE,other,10.1039/c3cc00010a,success,1,1,1_level.csv,193,1
2400.0,TPETPAN,N#C/C(C(C=C1)=CC=C1C(C=C2)=CC=C2/C(C3=CC=CC=C3)=C(C4=CC=CC=C4)/C5=CC=CC=C5)=C(C6=CC=CC=C6)/C7=CC=CC=C7,"Adv.Mater.,2013,25,2837-2843",611.79,443.0,507.0,AIE,other,10.1002/adma.201205043,success,1,1,1_level.csv,194,1
2402.0,bMT-PIO,O=P(C1=CC=CC=C1)(C2=C3C=CC=C2)C(C4=C(SC(C)=C4)C)=C3C5=C(SC(C)=C5)C,"JournalofPhotochemistryandPhotobiologyA:Chemistry,2018,355,274–282",446.0,449.0,,AIE,other,10.1016/j.jphotochem.2017.08.061,success,1,1,1_level.csv,196,1
2403.0,aT-PIO,O=P(C1=CC=CC=C1)(C2=C3C=CC=C2)C(C4=CC=CS4)=C3C5=CC=CS5,"JournalofPhotochemistryandPhotobiologyA:Chemistry,2018,355,274–282",390.0,521.0,440.0,AIE,other,10.1016/j.jphotochem.2017.08.061,success,1,1,1_level.csv,197,1
2405.0,aT-BTO,O=S(C1=C2C=CC=C1)(C(C3=CC=CS3)=C2C4=CC=CS4)=O,"JournalofPhotochemistryandPhotobiologyA:Chemistry,2018,355,274–282",330.0,511.0,,AIE,other,10.1016/j.jphotochem.2017.08.061,success,1,1,1_level.csv,198,1
2407.0,bMT-BTO,O=S(C1=C2C=CC=C1)(C(C3=C(C)SC(C)=C3)=C2C4=C(C)SC(C)=C4)=O,"JournalofPhotochemistryandPhotobiologyA:Chemistry,2018,355,274–282",386.0,453.0,,AIE,other,10.1016/j.jphotochem.2017.08.061,success,1,1,1_level.csv,199,1
2412.0,pTPI,C12=C(C=CC=C3)C3=C(N=C(C4=CC=C(/C(C5=CC=CC=C5)=C(C6=CC=CC=C6)C7=CC=CC=C7)C=C4)N8C9=CC=CC=C9)C8=C1C=CC=C2,"J.Mater.Chem.C,2019,7,6359-6368",624.0,493.0,483.0,AIE,other,10.1039/c9tc01453e,success,1,1,1_level.csv,201,1
2413.0,mpCTPI,N#CC1=CC=CC(N2C(C3=CC=C(/C(C4=CC=CC=C4)=C(C5=CC=CC=C5)C6=CC=CC=C6)C=C3)=NC7=C8C(C=CC=C8)=C9C(C=CC=C9)=C72)=C1,"J.Mater.Chem.C,2019,7,6359-6368",649.0,503.0,485.0,AIE,other,10.1039/c9tc01453e,success,1,1,1_level.csv,202,1
2414.0,ppCTPI,N#CC(C=C1)=CC=C1N2C(C3=CC=C(/C(C4=CC=CC=C4)=C(C5=CC=CC=C5)C6=CC=CC=C6)C=C3)=NC7=C8C(C=CC=C8)=C9C(C=CC=C9)=C72,"J.Mater.Chem.C,2019,7,6359-6368",649.0,501.0,475.0,AIE,other,10.1039/c9tc01453e,success,1,1,1_level.csv,203,1
2418.0,mTPI,C12=C(C=CC=C3)C3=C(N=C(C4=CC(/C(C5=CC=CC=C5)=C(C6=CC=CC=C6)/C7=CC=CC=C7)=CC=C4)N8C9=CC=CC=C9)C8=C1C=CC=C2,"J.Mater.Chem.C,2019,7,6359-6368",624.0,491.0,465.0,AIE,other,10.1039/c9tc01453e,success,1,1,1_level.csv,204,1
2419.0,"3,4-BTPEMTPS",C[Si]1(C2=CC=CC=C2)C(C3=CC=CC=C3)=C(C4=CC=C(/C(C5=CC=CC=C5)=C(C6=CC=CC=C6)/C7=CC=CC=C7)C=C4)C(C(C=C8)=CC=C8/C(C9=CC=CC=C9)=C(C%10=CC=CC=C%10)C%11=CC=CC=C%11)=C1C%12=CC=CC=C%12,"J.Phys.Chem.C2010,114,17,7963–7972",985.0,500.0,495.0,AIE,other,10.1021/jp910728x,success,1,1,1_level.csv,205,1
2420.0,TPE-TAC,CC(C)(C)C1=CC2=C(C=C1)C(C3=CC=C(N4C(C=CC=C5)=C5C6=C4C=CC=C6)C=C3)=C7C(C=CC(C(C)(C)C)=C7)=C2C(C=C8)=CC=C8/C(C9=CC=CC=C9)=C(C%10=CC=CC=C%10)/C%11=CC=CC=C%11,"ACSAppl.Mater.Interfaces2019,11,19,17592–17601",862.0,453.0,,AIE,other,10.1021/acsami.9b03177,success,1,1,1_level.csv,206,1
2421.0,"2,5-BTPEMTPS",C[Si]1(C2=CC=CC=C2)C(C3=CC=C(/C(C4=CC=CC=C4)=C(C5=CC=CC=C5)C6=CC=CC=C6)C=C3)=C(C7=CC=CC=C7)C(C8=CC=CC=C8)=C1C(C=C9)=CC=C9/C(C%10=CC=CC=C%10)=C(C%11=CC=CC=C%11)C%12=CC=CC=C%12,"J.Phys.Chem.C2010,114,17,7963–7972",985.0,535.0,532.0,AIE,other,10.1021/jp910728x,success,1,1,1_level.csv,207,1
2422.0,mmCTPI,N#CC1=CC=CC(N2C(C3=CC(/C(C4=CC=CC=C4)=C(C5=CC=CC=C5)/C6=CC=CC=C6)=CC=C3)=NC7=C8C(C=CC=C8)=C9C(C=CC=C9)=C72)=C1,"J.Mater.Chem.C,2019,7,6359-6368",649.0,493.0,464.0,AIE,other,10.1039/c9tc01453e,success,1,1,1_level.csv,208,1
2423.0,TPE-TADC,CC(C)(C)C1=CC2=C(C=C1)C(C3=CC(N4C(C=CC=C5)=C5C6=C4C=CC=C6)=CC(N7C(C=CC=C8)=C8C9=C7C=CC=C9)=C3)=C%10C(C=CC(C(C)(C)C)=C%10)=C2C(C=C%11)=CC=C%11/C(C%12=CC=CC=C%12)=C(C%13=CC=CC=C%13)/C%14=CC=CC=C%14,"ACSAppl.Mater.Interfaces2019,11,19,17592–17601",1027.0,455.0,,AIE,other,10.1021/acsami.9b03177,success,1,1,1_level.csv,209,1
2424.0,TPE-FB,CC1(C)C2=CC(C(C=C3)=CC=C3/C(C4=CC=CC=C4)=C(C5=CC=CC=C5)/C6=CC=CC=C6)=CC=C2C7=CC=C(B(C8=C(C)C=C(C)C=C8C)C9=C(C)C=C(C)C=C9C)C=C71,"NewJ.Chem.,2018,42,4089-4094",772.0,481.0,481.0,AIE,other,10.1039/c7nj04742h,success,1,1,1_level.csv,210,1
2426.0,TPECaP,C1(N2C3=CC=C(C4=CC=C(/C(C5=CC=CC=C5)=C(C6=CC=CC=C6)C7=CC=CC=C7)C=C4)C=C3)=C(C8=C2C=CC=C8)C=CC=C1,"J.Mater.Chem.,2012,22,4527",573.0,476.0,,AIE,other,10.1039/c2jm14914a,success,1,1,1_level.csv,212,1
2427.0,BTPECaP,C1(N2C3=CC=CC=C3)=C(C4=C2C=CC(C(C=C5)=CC=C5/C(C6=CC=CC=C6)=C(C7=CC=CC=C7)/C8=CC=CC=C8)=C4)C=C(C(C=C9)=CC=C9/C(C%10=CC=CC=C%10)=C(C%11=CC=CC=C%11)/C%12=CC=CC=C%12)C=C1,"J.Mater.Chem.,2012,22,4527",904.0,490.0,,AIE,other,10.1039/c2jm14914a,success,1,1,1_level.csv,213,1
2428.0,pmCTPI,N#CC(C=C1)=CC=C1N2C(C3=CC(/C(C4=CC=CC=C4)=C(C5=CC=CC=C5)/C6=CC=CC=C6)=CC=C3)=NC7=C8C(C=CC=C8)=C9C(C=CC=C9)=C72,"J.Mater.Chem.C,2019,7,6359-6368",649.0,492.0,467.0,AIE,other,10.1039/c9tc01453e,success,1,1,1_level.csv,214,1
2431.0,TPPyE,C1(C=CC=C2C=C3)=C2C(C3=C(/C(C4=CC=CC=C4)=C(C5=CC=CC=C5)C6=CC=CC=C6)C=C7)=C7C=C1,"J.Mater.Chem.,2011,21,7210",456.0,484.0,,AIE,other,10.1039/c0jm04449k,success,1,1,1_level.csv,217,1
2433.0,DPDPyE,C12=C(C3=C(C=C2)C=C4)C(C=CC3=C4/C(C5=CC=CC=C5)=C(C6=CC=CC=C6)/C7=CC=C8C=CC9=CC=CC%10=C9C8=C7C=C%10)=CC=C1,"J.Mater.Chem.,2011,21,7210",580.0,503.0,523.0,AIE,other,10.1039/c0jm04449k,success,1,1,1_level.csv,218,1
2434.0,TPEPy,C1(/C(C2=CC=CC=C2)=C(C3=CC=C(C4=CC=C5C6=C4C=CC7=C6C(C=C5)=CC=C7)C=C3)C8=CC=CC=C8)=CC=CC=C1,"Chem.Sci.,2011,2,672",532.0,468.0,,AIE,other,10.1039/c0sc00521e,success,1,1,1_level.csv,219,1
2408.0,HTPETPAN,[H]/C(C1=CC=C(C2=CC=C(/C(C#N)=C(C3=CC=CC=C3)\C4=CC=CC=C4)C=C2)C=C1)=C(C5=CC=CC=C5)\C6=CC=CC=C6,"Adv. Mater. 2013, 25, 2837-2843",535.69,457.0,510.0,AIE,other,,success,1,1,1_level.csv,391,1
1041.0,DPA1a,ClC1=CC=CC=C1C2=C(C=CC=C3)C3=C(C4=CC=CC=C4)C5=C2C=CC=C5,"Asian J. Org. Chem. 2012, 1, 331–335",364.85,,,AIE,other,10.1002/ajoc.201200111,success,2,2,2_level.csv,1,2
1043.0,DPA1b,BrC1=CC=CC=C1C2=C(C=CC=C3)C3=C(C4=CC=CC=C4)C5=C2C=CC=C5,"Asian J. Org. Chem. 2012, 1, 331–335",409.31,,,AIE,other,10.1002/ajoc.201200111,success,2,2,2_level.csv,2,2
1044.0,DPA2,BrC1=CC2=C(C3=CC=CC=C3)C4=C(C(C5=CC=CC=C5)=C2C=C1)C=C(Br)C=C4,"Asian J. Org. Chem. 2012, 1, 331–335",488.2,,,AIE,other,10.1002/ajoc.201200111,success,2,2,2_level.csv,3,2
1045.0,DPA3a,ClC1=CC=C(Br)C=C1C2=C(C=CC(Br)=C3)C3=C(C4=CC=CC=C4)C5=C2C=CC=C5,"Asian J. Org. Chem. 2012, 1, 331–335",522.65,,,AIE,other,10.1002/ajoc.201200111,success,2,2,2_level.csv,4,2
1046.0,DPA3b,BrC1=CC=C(Br)C=C1C2=C(C=CC(Br)=C3)C3=C(C4=CC=CC=C4)C5=C2C=CC=C5,"Asian J. Org. Chem. 2012, 1, 331–335",567.11,,,AIE,other,10.1002/ajoc.201200111,success,2,2,2_level.csv,5,2
1047.0,DPA3c,IC1=CC=C(Br)C=C1C2=C(C=CC(Br)=C3)C3=C(C4=CC=CC=C4)C5=C2C=CC=C5,"Asian J. Org. Chem. 2012, 1, 331–335",614.1,,,AIE,other,10.1002/ajoc.201200111,success,2,2,2_level.csv,6,2
1048.0,TPPE,C(/C1=CC=C(C2=CC=C(/C(C3=CC=CC=C3)=C(C4=CC=CC=C4)/C5=CC=CC=C5)C=C2)C=C1)(C6=CC=C(C(C=C7)=CC=C7/C(C8=CC=CC=C8)=C(C9=CC=CC=C9)/C%10=CC=CC=C%10)C=C6)=C(C%11=CC=C(C(C=C%12)=CC=C%12/C(C%13=CC=CC=C%13)=C(C%14=CC=CC=C%14)\C%15=CC=CC=C%15)C=C%11)/C%16=CC=C(C(C=C%17)=CC=C%17/C(C%18=CC=CC=C%18)=C(C%19=CC=CC=C%19)\C%20=CC=CC=C%20)C=C%16,"Chem. Commun., 2013, 49, 594--596",1654.0,,,AIE,other,10.1039/c2cc37928g,success,2,2,2_level.csv,7,2
1122.0,(Z)-o-BNTPE,c1(cccc2)c2ccc(c3ccccc3/C(C4=CC=CC=C4)=C(C5=CC=CC=C5)/c6ccccc6c(cc7)cc8c7cccc8)c1,"Chem. Commun., 2014, 50, 1131--1133",584.0,,,AIE,other,10.1039/c3cc47696k,success,2,2,2_level.csv,8,2
1125.0,BBPTPE,C(/C1=CC=CC=C1)(c2ccc(c3ccc(c4ccccc4)cc3)cc2)=C(c5ccc(c6ccc(c7ccccc7)cc6)cc5)\C8=CC=CC=C8,"Chem. Commun., 2014, 50, 1131--1133",636.0,,,AIE,other,10.1039/c3cc47696k,success,2,2,2_level.csv,9,2
1629.0,TPE,C1(C2=CC=CC=C2)=C(C(C=C3)=CC=C3/C(C4=CC=CC=C4)=C(C5=CC=CC=C5)/C6=CC=CC=C6)C(C(C=C7)=CC=C7/C(C8=CC=CC=C8)=C(C9=CC=CC=C9)\C%10=CC=CC=C%10)=C(C%11=CC=CC=C%11)C(C%12=CC=CC=C%12)=C1C%13=CC=CC=C%13,,1043.366,,,AIE,other,10.1002/chem.201203840,success,2,2,2_level.csv,14,2
1777.0,TPP,C1(C2=CC=CC=C2)=C(C3=CC=CC=C3)N=C(C4=CC=CC=C4)C(C5=CC=CC=C5)=N1,"Chem.Sci.,2015,6,1932-1937",384.0,,,AIE,other,10.1039/C4SC03365E,success,2,2,2_level.csv,25,2
1782.0,TPP-4M,COC(C=C1)=CC=C1C2=NC(C3=CC=C(OC)C=C3)=C(C4=CC=C(OC)C=C4)N=C2C5=CC=C(OC)C=C5,"Chem.Sci.,2015,6,1932-1937",505.0,,,AIE,other,10.1039/C4SC03365E,success,2,2,2_level.csv,26,2
1785.0,TPP-4TPA,CC(C)(C)C(C=C1)=CC=C1N(C2=CC=C(C(C=C3)=CC=C3C4=C(C5=CC=C(C(C=C6)=CC=C6N(C7=CC=C(C(C)(C)C)C=C7)C8=CC=C(C(C)(C)C)C=C8)C=C5)N=C(C9=CC=C(C(C=C%10)=CC=C%10N(C%11=CC=C(C(C)(C)C)C=C%11)C%12=CC=C(C(C)(C)C)C=C%12)C=C9)C(C%13=CC=C(C(C=C%14)=CC=C%14N(C%15=CC=C(C(C)(C)C)C=C%15)C%16=CC=C(C(C)(C)C)C=C%16)C=C%13)=N4)C=C2)C%17=CC=C(C(C)(C)C)C=C%17,"J.Mater.Chem.C,2016,4,2901-2908",1807.0,,,AIE,other,10.1039/C5TC03299G,success,2,2,2_level.csv,27,2
1789.0,TAA-4TPA,C1(C2=CC=C(N(C3=CC=CC=C3)C4=CC=CC=C4)C=C2)=C(C5=CC=C(N(C6=CC=CC=C6)C7=CC=CC=C7)C=C5)N=C(C=C(N=C(C8=CC=C(N(C9=CC=CC=C9)C%10=CC=CC=C%10)C=C8)C(C%11=CC=C(N(C%12=CC=CC=C%12)C%13=CC=CC=C%13)C=C%11)=N%14)C%14=C%15)C%15=N1,"Chem.Sci.,2018,9,7829-7834",1155.0,,,AIE,other,10.1039/C8SC02810A,success,2,2,2_level.csv,28,2
1797.0,DCP-PTPA,N#CC1=NC(N=C(C2=CC=C(C3=CC=C(N(C4=CC=CC=C4)C5=CC=CC=C5)C=C3)C=C2)C(C6=CC=C(C7=CC=C(N(C8=CC=CC=C8)C9=CC=CC=C9)C=C7)C=C6)=N%10)=C%10N=C1C#N,"ACSNano2020,14,4265−4275",821.0,,,AIE,other,10.1021/acsnano.9b09625,success,2,2,2_level.csv,29,2
1802.0,TPATPEVDPP,CCCCn9c(/C=C/c4ccc(/C(=C(c1ccccc1)/c2ccc(N(C)C)cc2)c3ccc(N(C)C)cc3)cc4)c8c(=O)n(CCCC)c(/C=C/c7ccc(N(c5ccccc5)c6ccccc6)cc7)c8c9=O,"ACSNano2022,16,4162−4174",959.531,,,AIE,other,10.1021/acsnano.1c10019,success,2,2,2_level.csv,31,2
1837.0,PVA-TPE,OC(C)CC1CC(C)OC(C2=CC=CC(/C(C3=CC=CC=C3)=C(C4=CC=CC=C4)/C5=CC=CC=C5)=C2)O1,"Peng,J.,Tomsia,A.P.,Jiang,L.,Tang,B.Z.&Cheng,Q.Stiffandtoughpdms-mmtlayerednanocompositesvisualizedbyaieluminogens.NatureCommunications12,1-9(2021).",,,,AIE,other,10.1038/s41467-021-24835-w,success,2,2,2_level.csv,34,2
1850.0,TPI-C,CCCCCCCCn3c(c1ccc(OC(=O)NCC)cc1)nc(c2ccccc2)c3c4ccccc4,"Mater.Horiz.,2019,6,2032-2039.",495.667,,,AIE,other,10.1039/c9mh00798a,success,2,2,2_level.csv,36,2
1860.0,TPENNO2,C5(/C(=C(C1=CC=CC=C1)/C3=CC=C(NS(=O)(=O)C2=CC=C(N(=O)=O)C=C2N(=O)=O)C=C3)C4=CC=CC=C4)=CC=CC=C5,"SensorsandActuatorsB:Chemical2017,252,712-716",577.61,,,AIE,other,10.1016/j.snb.2017.06.066,success,2,2,2_level.csv,39,2
1865.0,BTCV-CO,C=CCOc1cc(N(CC)CC)ccc1/C=C(C#N)/c3nc2ccccc2s3,"Anal.Chem.,2019,91,9388-9392.",389.517,,,AIE,other,10.1021/acs.analchem.9b02691,success,2,2,2_level.csv,40,2
1869.0,TPE-Gal,C7(/C(=C(C1=CC=CC=C1)/C5=CC=C(C4=CC=[N+](CC3=CC=C(OC2C(O)C(O)C(O)C(O)O2)C=C3)C=C4)C=C5)C6=CC=C(OC)C=C6)=CC=C(OC)C=C7.[Br-],"Chem.Commun.,2017,53,4505-4508",738.86,,,AIE,other,10.1039/c7cc00249a,success,2,2,2_level.csv,41,2
1871.0,BTIC,CCN(CC)c4ccc3cc(c2nc1ccccc1s2)c(=N)oc3c4,"Anal.Chem.,2019,91,9388-9392.",349.452,,,AIE,other,10.1021/acs.analchem.9b02691,success,2,2,2_level.csv,42,2
1883.0,2TPAVDPP,CCCCC(Cn(c(/C=C/c1ccc(N(c2ccccc2)c3ccccc3)cc1)c4c5c(/C=C/c6ccc(N(c7ccccc7)c8ccccc8)cc6)n(CC(CCCC)CC)c4=O)c5=O)CC,"ACSNano2022,16,4162-4174",899.0,,,AIE,other,10.1021/acsnano.1c10019,success,2,2,2_level.csv,43,2
1887.0,DPBTA-DPTQ,CC(C=C1)=CC=C1N(C2=CC=C(C)C=C2)C(S3)=CC=C3C4=C(N=C(C5=CC=CC=C5)C(C6=CC=CC=C6)=N7)C7=C(C8=CC=C(N(C9=CC=C(C)C=C9)C%10=CC=C(C)C=C%10)S8)C%11=NSN=C%114,"Angew.Chem.Int.Ed.2021,60,26769–26776",895.0,,,AIE,other,10.1002/anie.202111767,success,2,2,2_level.csv,44,2
1890.0,TTBSCH,O=S(C(C=C1)=CC=C1C(S2)=CC=C2C3=CC=C(N(C4=CC=CC=C4)C5=CC=CC=C5)C=C3)(NC(NC6CCCCC6)=O)=O,"Chem.Sci.,2021,12,13949–13957",607.0,,,AIE,other,10.1039/d1sc03932f,success,2,2,2_level.csv,45,2
1892.0,TCFPB-HNO,CCN(CC)c5ccc(/C=C/C1=C(C#N)/C(=C(C#N)/C#N)OC1(C)C)c(OC(=O)c2ccccc2P(c3ccccc3)c4ccccc4)c5,"Mater.Chem.Front.,2021,5,1817",663.0,,,AIE,other,10.1039/d0qm00995d,success,2,2,2_level.csv,46,2
1895.0,TTFMN,N#C/C(C#N)=C/C(O1)=CC=C1C2=CC=C(N(C3=CC=C(/C(C4=CC=CC=C4)=C(C5=CC=CC=C5)/C6=CC=CC=C6)C=C3)C7=CC=CC=C7)C=C2,"Adv.Sci.2021,8,2100524",641.0,,,AIE,other,10.1002/advs.202100524,success,2,2,2_level.csv,47,2
1906.0,OBP,C1(OC2=CC=CC(OC3=NC4=CN=C3)=C2)=NC(OC5=CC=CC(O4)=C5)=CN=C1,"Angew.Chem.Int.Ed.2021,60,22417–22423",372.0,,,AIE,other,10.1002/anie.202108326,success,2,2,2_level.csv,50,2
1936.0,TSSI,N#C/C(C#N)=C1C2=C(C(/C/1=CC(S3)=CC=C3C4=CC=C(C5=CC=C(N(C6=CC=CC=C6)C7=CC=CC=C7)C=C5)S4)=C(C#N)/C#N)C=CC=C2,"Adv.Mater.2020,32,2003210",661.139,,,AIE,other,10.1002/adma.202003210,success,2,2,2_level.csv,54,2
1944.0,QLZ,O=C(OC)C1=C2N(C(C(OC)=O)C(C(OC)=O)=C1C(OC)=O)C=CC=C2,"Angew.Chem.Int.Ed.2022,61,e202117709",363.0,,,AIE,other,10.1002/anie.202117709,success,2,2,2_level.csv,55,2
1945.0,TPA-QLZ,O=C(OC)C1=C2N(C(C(OC)=O)C(C(OC)=O)=C1C(OC)=O)C=CC(C(C=C3)=CC=C3N(C4=CC=CC=C4)C5=CC=CC=C5)=C2,"Angew.Chem.Int.Ed.2022,61,e202117709",606.0,,,AIE,other,10.1002/anie.202117709,success,2,2,2_level.csv,56,2
2009.0,DP-TPT,C12=C(C3=CC=C(C4=CC=C(C5=CC=C(C6=C(CCC7=CC=C8C=C7)C=CC(CC8)=C6)S5)C9=NSN=C94)S3)C=C(CCC%10=CC=C(CC2)C=C%10)C=C1,"ACSNano2019,13,11863−11873",712.2,,,AIE,other,10.1021/acsnano.9b05914,success,2,2,2_level.csv,69,2
2026.0,DBTBT-4C8,CCCCCCCCOC1=CC(C(S2)=CC=C2C(C3=NSN=C34)=CC=C4C(S5)=CC=C5C6=CC(OCCCCCCCC)=CC(OCCCCCCCC)=C6)=CC(OCCCCCCCC)=C1,"ACSAppl.Mater.Interfaces2020,12,6814−6826",964.53,,,AIE,other,10.1021/acsami.9b18336,success,2,2,2_level.csv,73,2
2058.0,TPA-BTDH,COC(C=C1)=CC=C1N(C2=CC=C(OC)C=C2)C(C=C3)=CC=C3C4=C(N=C(C5=CC=CC=C5)C(C6=CC=CC=C6)=N7)C7=C(C8=CC=C(N(C9=CC=C(OC)C=C9)C%10=CC=C(OC)C=C%10)C=C8)C%11=NSN=C%114,"Adv.Mater.2021,33,2102258",947.337,,,AIE,other,10.1002/adma.202102258,success,2,2,2_level.csv,78,2
2062.0,TPA-QLZ,O=C(OC)C1=C(C=C2)N(C(C(OC)=O)C(C(OC)=O)=C1C(OC)=O)C=C2C(C=C3)=CC=C3N(C4=CC=CC=C4)C5=CC=CC=C5,"Angew.Chem.Int.Ed.2022,61,e202117709",482.562,,,AIE,other,10.1002/anie.202117709,success,2,2,2_level.csv,79,2
2074.0,TPE-DCV,C4=CC(/C(C1=CC=CC=C1)=C(C2=CC=C(/C=C(C#N)C#N)C=C2)C3=CC=C(/C=C(C#N)C#N)C=C3)=CC=C4,"AsianJ.Org.Chem.2014,3,118-121",484.56,,,AIE,other,0.1002/ajoc.201300223,success,2,2,2_level.csv,80,2
2079.0,BpPDBF,C12=CC=CC=C1/C(C3=C2C=CC=C3)=C(C4=CC=C(C5=CC=CC=C5)C=C4)C6=CC=CC=C6,"Chem.Commun.,2007,40–42",406.527,,,AIE,other,10.1039/b613157c,success,2,2,2_level.csv,83,2
2084.0,HPS,C1([Si]2(C(C3=CC=CC=C3)=C(C(C4=CC=CC=C4)=C2C5=CC=CC=C5)C6=CC=CC=C6)C7=CC=CC=C7)=CC=CC=C1,"JournalofInorganicandOrganometallicPolymersandMaterials,2005,15,2",538.77,,,AIE,other,10.1007/s10904-005-5546-0,success,2,2,2_level.csv,86,2
2118.0,TPE-BO,C1=CC=CC=C1/C(C2=CC=CC=C2)=C(C3=CC=C(OCCC=C)C=C3)C4=CC=CC=C4,"Polym.Chem.,2022,13,3126",402.5,,,AIE,other,10.1039/D2PY00396A,success,2,2,2_level.csv,88,2
2119.0,TPE-2BO,C1=CC(OCCC=C)=CC=C1/C(C2=CC=CC=C2)=C(C3=CC=C(OCCC=C)C=C3)C4=CC=CC=C4,"Polym.Chem.,2022,13,3126",472.5,,,AIE,other,10.1039/D2PY00396A,success,2,2,2_level.csv,89,2
2120.0,TPE-4BO,C1=CC(OCCC=C)=CC=C1/C(C2=CC=C(OCCC=C)C=C2)=C(C3=CC=C(OCCC=C)C=C3)C4=CC=C(OCCC=C)C=C4,"Polym.Chem.,2022,13,3126",612.5,,,AIE,other,10.1039/D2PY00396A,success,2,2,2_level.csv,90,2
2122.0,TPE-DTAB,CCCCCCCCOC(C=C1)=CC=C1/C(C2=CC=CC=C2)=C(C3=CC=C(C=C3)OCCCC[N+](C)(C)C)C4=CC=CC=C4.[Br-],"Nat.Commun.2016,7,11811",669.0,,,AIE,other,10.1038/ncomms11811,success,2,2,2_level.csv,91,2
2162.0,THP,O=C(OCC)C1=C(C(OCC)=O)N(C2=CC=CC=C2)C(C3=CC=CC=C3)N(C4=CC=CC=C4)C1,"J.Mater.Chem.C,2016,4,7383--7386",456.0,,,AIE,other,10.1039/c6tc01887d,success,2,2,2_level.csv,92,2
2166.0,MI,O=C(C=C1NCCCC)N(C2=CC=CC=C2)C1=O,"J.Org.Chem.2017,82,1096−1104",244.29,,,AIE,other,10.1021/acs.joc.6b02706,success,2,2,2_level.csv,93,2
2167.0,MI,O=C(C=C1NC2=CC=CC=C2)N(C3=CC=CC=C3)C1=O,"J.Org.Chem.2017,82,1096−1104",264.28,,,AIE,other,10.1021/acs.joc.6b02706,success,2,2,2_level.csv,94,2
2168.0,MI,O=C(C=C1NC2=CC=CC=C2)N(CCCC)C1=O,"J.Org.Chem.2017,82,1096−1104",244.29,,,AIE,other,10.1021/acs.joc.6b02706,success,2,2,2_level.csv,95,2
2189.0,f-4Ph-4SMe,CSc1ccc(c2ccc(c3c(/C(C4=CC=CC=C4)=C(C5=CC=CC=C5)c6c(c7ccc(c8ccc(SC)cc8)cc7)ccc(c9ccc(SC)cc9)c6)cc(c%10ccc(SC)cc%10)cc3)cc2)cc1,"Angew.Chem.Int.Ed.2020,59,4581-4588",973.0,,,AIE,other,10.1002/anie.202000061,success,2,2,2_level.csv,96,2
2194.0,f-4Ph-2SMe-B,CSc1ccc(c2ccc(c3ccc(c4ccccc4)cc3/C(C5=CC=CC=C5)=C(C6=CC=CC=C6)c7cc(c8ccccc8)ccc7c9ccc(c%10ccc(SC)cc%10)cc9)cc2)cc1,"Angew.Chem.Int.Ed.2020,59,4581-4588",881.0,,,AIE,other,10.1002/anie.202000061,success,2,2,2_level.csv,98,2
2197.0,f-Pn-3QL,C12=C(C3=CC(C=CC=C4)=C4N=C3)C(C5=CN=C(C=CC=C6)C6=C5)=C(C=CC=C7)C7=C1C=CC=C2,"Adv.Sci.2022,2200374",433.0,,,AIE,other,10.1002/advs.202200374,success,2,2,2_level.csv,99,2
2200.0,f-TPE-Py,C(/C1=CC=CC=C1)(c2ccccc2c3ccncc3)=C(C4=CC=CC=C4)c5c(c6ccncc6)cccc5,"J.Phys.Chem.Lett.2019,10,2648-2656",486.0,,,AIE,other,10.1021/acs.jpclett.9b01040,success,2,2,2_level.csv,100,2
2201.0,f-TPE-PPy,C(/C1=CC=CC=C1)(c2ccccc2c3ccc(c4ccncc4)cc3)=C(C5=CC=CC=C5)c6c(c7ccc(c8ccncc8)cc7)cccc6,"J.Phys.Chem.Lett.2019,10,2648-2656",638.0,,,AIE,other,10.1021/acs.jpclett.9b01040,success,2,2,2_level.csv,101,2
2215.0,β-TPA-PIO,O=P1(OCC)C(C2=CC=NC=C2)=C(C3=CC=C(N(C4=CC=CC=C4)C5=CC=CC=C5)C=C3)C6=CC=CC=C61,"Chem.Sci.,2020,11,3405–3417",514.0,,,AIE,other,10.1039/d0sc00785d,success,2,2,2_level.csv,102,2
2411.0,4TPAE,C1(/C(C2=CC=C(N(C3=CC=CC=C3)C4=CC=CC=C4)C=C2)=C(C5=CC=C(N(C6=CC=CC=C6)C7=CC=CC=C7)C=C5)/C8=CC=C(N(C9=CC=CC=C9)C%10=CC=CC=C%10)C=C8)=CC=C(N(C%11=CC=CC=C%11)C%12=CC=CC=C%12)C=C1,"J.Mater.Chem.C,2015,3,4903",1001.29,,,AIE,other,10.1039/c5tc00633c,success,2,2,2_level.csv,107,2
2415.0,TPESiPh3,C1(/C(C2=CC=C([Si](C3=CC=CC=C3)(C4=CC=CC=C4)C5=CC=CC=C5)C=C2)=C(C6=CC=CC=C6)/C7=CC=CC=C7)=CC=CC=C1,"PureAppl.Chem.,Vol.82,No.4,pp.863–870",590.0,,,AIE,other,10.1351/PAC-CON-09-09-15,success,2,2,2_level.csv,108,2
2417.0,(TPE)3SiPh,C1(/C(C2=CC=C([Si](C3=CC=CC=C3)(C4=CC=C(/C(C5=CC=CC=C5)=C(C6=CC=CC=C6)/C7=CC=CC=C7)C=C4)C8=CC=C(/C(C9=CC=CC=C9)=C(C%10=CC=CC=C%10)C%11=CC=CC=C%11)C=C8)C=C2)=C(C%12=CC=CC=C%12)/C%13=CC=CC=C%13)=CC=CC=C1,"PureAppl.Chem.,Vol.82,No.4,pp.863–870",1099.0,,,AIE,other,10.1351/PAC-CON-09-09-15,success,2,2,2_level.csv,110,2
2376.0,HPB-T3-SM,CSC(C=C1)=CC=C1C2=C(C3=CC=CS3)C(C4=CC=CS4)=C(C5=CC=C(SC)C=C5)C(C6=CC=CS6)=C2C7=CC=CS7,,644.0,,,AIE,other,,success,2,2,2_level.csv,123,2
1081.0,2-BTDMS,C1=CC=CC=C1,"Chem. Eur. J. 2015, 21, 8137 – 8147",588.0,541.0,,AIE,other,10.1002/chem.201500002,failed,3,2,3_level.csv,1,2
1097.0,TTPEBTTD,C1(C2=CC=C(/C(C3=CC=CC=C3)=C(C4=CC=CC=C4)\C5=CC=CC=C5)C=C2)=CC=C(C6=CC=C(C7=NSN=C67)C8=C(C9=CC=C(/C(C%10=CC=CC=C%10)=C(C%11=CC=CC=C%11)\C%12=CC=CC=C%12)C=C9)C=C(C%13=CC=C(/C(C%14=CC=CC=C%14)=C(C%15=CC=CC=C%15)/C%16=CC=CC=C%16)C=C%13)S8)S1,"J. Mater. Chem., 2012, 22, 11018–11021",1291.0,646.0,,AIE,other,10.1039/c2jm31482g,failed,3,2,3_level.csv,2,2
1814.0,5CzBN-SPhCz,N#CC1=[C@@]([C@]([N@]2C3=C(C4=C2C=CC=C4)C=CC=C3)=[C@@]([C@@]([N@@]5C6=C(C7=C5C=CC=C7)C(OCCCCCCOC8=CC=C(C=C8)N9C%10=C(C%11=C9C=CC=C%11)C=CC=C%10)=CC=C6)=[C@]1[N@]%12C%13=C(C%14=C%12C=CC=C%14)C=CC=C%13)[N@@]%15C%16=C(C%17=C%15C=CC=C%17)C=CC=C%16)[N@@]%18C%19=C(C%20=C%18C=CC=C%20)C=CC=C%19,"Aggregate 2022, 3,e164",1286.55,503.0,,AIE,other,10.1002/agt2.164,failed,3,2,3_level.csv,4,2
1817.0,5CzBN-TPhCz,N#CC1=[C@@]([N@@]2C(C=CC=C3OCCCCCCOC4=CC=C(N5C(C=CC=C6)=C6C7=C5C=CC=C7)C=C4)=C3C8=C2C=CC=C8)[C@@]([N@@]9C(C=CC=C%10)=C%10C%11=C9C=CC=C%11)=C(N%12C%13=C(C(OCCCCCCOC%14=CC=C(N%15C(C=CC=C%16)=C%16C%17=C%15C=CC=C%17)C=C%14)=CC=C%13)C%18=C%12C=CC=C%18)[C@@]([N@@]%19C%20=C(C=CC=C%20)C%21=C%19C=CC=C%21)=[C@@]1[N@@]%22C%23=C(C(OCCCCCCOC%24=CC=C(N%25C(C=CC=C%26)=C%26C%27=C%25C=CC=C%27)C=C%24)=CC=C%23)C%28=C%22C=CC=C%28,"Aggregate 2022, 3,e164",2001.46,505.0,,AIE,other,10.1002/agt2.164,failed,3,2,3_level.csv,5,2
1819.0,5CzBN-QPhCz,N#CC1=[C@@]([N@@]2C(C=CC=C3OCCCCCCOC4=CC=C(N5C(C=CC=C6)=C6C7=C5C=CC=C7)C=C4)=C3C8=C2C=CC=C8)[C@@]([N@@]9C(C=CC=C%10)=C%10C%11=C9C=CC=C%11)=C(N%12C%13=C(C(OCCCCCCOC%14=CC=C(N%15C(C=CC=C%16)=C%16C%17=C%15C=CC=C%17)C=C%14)=CC=C%13)C%18=C%12C=CC=C%18)[C@@]([N@@]%19C%20=C(C(OCCCCCCOC%21=CC=C(N%22C(C=CC=C%23)=C%23C%24=C%22C=CC=C%24)C=C%21)=CC=C%20)C%25=C%19C=CC=C%25)=[C@@]1[N@@]%26C%27=C(C(OCCCCCCOC%28=CC=C(N%29C(C=CC=C%30)=C%30C%31=C%29C=CC=C%31)C=C%28)=CC=C%27)C%32=C%26C=CC=C%32,"Aggregate 2022, 3,e164",2358.91,506.0,,AIE,other,10.1002/agt2.164,failed,3,2,3_level.csv,6,2
1828.0,MeOTTVP,C[N+](C)(C)CCC[N+](C=C1)=CC=C1/C=C/C(S2)=CC=C2C(C=C3)=CC=C3N(C4=CC=C(OC)C=C4)C5=CC=C(OC)C=C5.[Br-].[Br-],"Adv.Funct.Mater. 2022, 32,2200503.",749.13,750.0,670.0,AIE,other,10.1002/adfm.202200503,failed,3,2,3_level.csv,8,2
1856.0,PDIPQ-C5,CCCCCCC(CCCCC)n%29c(=O)c%30ccc%31c%33ccc%34c(=O)n(C(CCCC)CCCCC)c(=O)c%35ccc(c%32c(c%28ccc(c%19nc%18cc%17nc(c8ccc(c1cc4c(=O)n(C(CCCCC)CCCCCC)c(=O)c3ccc2c5ccc6c(=O)n(C(CCCCC)CCCCC)c(=O)c7ccc(c1c2c34)c5c67)cc8C)c(c%16ccc(c9cc%12c(=O)n(C(CCCCC)CCCCCC)c(=O)c%11ccc%10c%13ccc%14c(=O)n(C(CCCCC)CCCCC)c(=O)c%15ccc(c9c%10c%11%12)c%13c%14%15)cc%16)nc%17cc%18nc%19c%27ccc(c%20cc%23c(=O)n(C(CCCCC)CCCCCC)c(=O)c%22ccc%21c%24ccc%25c(=O)n(C(CCCCC)CCCCC)c(=O)c%26ccc(c%20c%21c%22%23)c%24c%25%26)cc%27)cc%28)cc(c%29=O)c%30c%31%32)c%33c%34%35,"Mater.Chem.Front.,2018,2,2104-2108.",3274.343,638.0,,AIE,other,10.1039/C8QM00451J.,failed,3,2,3_level.csv,10,2
1881.0,TPO-P,O4C(C1=CC=CC=C1)=[N+](C2=CC=CC=C2)C(C3=CC=CC=C3)=C4C5=CC=CC=C5.[P-](F)(F)(F)(F)(F)F,"J.Am.Chem.Soc.2017,139,16974-16979",519.43,419.0,,AIE,other,10.1021/jacs.7b10150,failed,3,2,3_level.csv,12,2
1882.0,TriPO-PN,O3C(C1=CC=CC=C1)=[N+](C2=CC=CC=C2)C=C3C4=CC=CC=C4.[P-](F)(F)(F)(F)(F)F,"J.Am.Chem.Soc.2017,139,16974-16979",443.0,431.0,,AIE,other,10.1021/jacs.7b10150,failed,3,2,3_level.csv,13,2
1889.0,BTCV-PN,CCN(CC)c5ccc(/C=C(C#N)/c2nc1ccccc1s2)c(OP(=O)(c3ccccc3)c4ccccc4)c5,"Sensorsandactuators.B,Chemical,2021,5，329",549.0,,632.0,AIE,other,10.1016/j.snb.2020.129223,failed,3,2,3_level.csv,15,2
1891.0,TTVP,C[N+](C)(C)CCC[N+]1=CC=C(/C=C/C(S2)=CC=C2C3=CC=C(N(C4=CC=CC=C4)C5=CC=CC=C5)C=C3)C=C1.[Br-].[Br-],ChemSci.2018Apr21;9(15):3685–3693,691.0,705.0,708.0,AIE,other,10.1039/c7sc04963c,failed,3,2,3_level.csv,16,2
1915.0,Py-4mTPE,C1(/C(C2=CC=CC=C2)=C(C3=CC=C(C4=C(C5=C67)C=CC7=C(C(C=C8)=CC=C8/C(C9=CC=CC=C9)=C(C%10=CC=CC=C%10)C%11=CC=CC=C%11)C=C(C(C=C%12)=CC=C%12/C(C%13=CC=CC=C%13)=C(C%14=CC=CC=C%14)C%15=CC=CC=C%15)C6=CC=C5C(C%16=CC=CC(/C(C%17=CC=CC=C%17)=C(C%18=CC=CC=C%18)C%19=CC=CC=C%19)=C%16)=C4)C=C3)/C%20=CC=CC=C%20)=CC=CC=C1,"Chem.Eur.J.2015,21,6862-6868",1523.0,443.0,445.0,AIE,other,10.1002/chem.201406190,failed,3,2,3_level.csv,20,2
1941.0,TTT-4,FP(F)(F)(F)F.CC[N+]1=C(/C=C/C2=CC=C(C(S3)=CC=C3C(C=C4)=CC=C4N(C5=CC=C(C=C5)OC)C(C=C6)=CC=C6OC)S2)SC7=C1C=CC=C7.[F-],"Biomaterials,2021,276,120892",802.85,,813.0,AIE,other,10.1016/j.biomaterials.2021.120892,failed,3,2,3_level.csv,24,2
2021.0,DPhPZ,C1(N2C(C=CC=C3)=C3N(C4=CC=CC=C4)C5=C2C=CC=C5)=CC=CC=C1,"Adv.Electron.Mater.2020,2000255",334.14,469.0,,AIE,other,10.1002/aelm.202000255,failed,3,2,3_level.csv,33,2
2053.0,TPE-BPA,[O-]C(C1=NC(C([O-])=O)=CC(OCCCCOC(C=C2)=CC=C2/C(C3=CC=C(C=C3)OCCCCOC4=CC(C([O-])=O)=NC(C([O-])=O)=C4)=C(C5=CC=C(C=C5)OCCCCOC6=CC(C([O-])=O)=NC(C([O-])=O)=C6)/C7=CC=C(OCCCCOC8=CC(C([O-])=O)=NC(C([O-])=O)=C8)C=C7)=C1)=O,"ACSAppl.Mater.Interfaces2020,12,29641",1337.0,,480.0,AIE,other,10.1021/acsami.0c06204,failed,3,2,3_level.csv,39,2
2054.0,TSSAM,C[N+](C1=C2C=CC=C1)=C3C(C=CC=C3)=C2/C=C/C(S4)=CC=C4C(S5)=CC=C5C(C=C6)=CC=C6N(C7=CC=CC=C7)C8=CC=CC=C8.FC(F)(S(=O)([O-])=O)F,"ACSMaterialsLett.2020,2,1033",777.0,,950.0,AIE,other,10.1021/acsmaterialslett.0c00263,failed,3,2,3_level.csv,40,2
2055.0,TBFT2,FC1=C(C2=CC(CC(CCCCCCCC)CCCCCCCCCC)=C(C3=CC=C(N(C4=CC=C(/C(C5=CC=CC=C5)=C(C6=CC=CC=C6)/C7=CC=CC=C7)C=C4)C8=CC=CC=C8)C=C3)S2)C9=NSN=C9C(C(S%10)=CC(CC(CCCCCCCCCC)CCCCCCCC)=C%10C(C=C%11)=CC=C%11N(C%12=CC=CC=C%12)C%13=CC=C(/C(C%14=CC=CC=C%14)=C(C%15=CC=CC=C%15)/C%16=CC=CC=C%16)C=C%13)=C1F,"Adv.Funct.Mater.2021,31,2107545",1876.0,681.0,,AIE,other,10.1002/adfm.202107545,failed,3,2,3_level.csv,41,2
2094.0,DBTA,[NH2+]=C1C=C2N(C(C=CC=C3)=C3S2)C=C1C4=NC5C(C=CC=C5)S4.[Cl-],"Angew.Chem.Int.Ed.2018,57,5011",372.0,,515.0,AIE,other,10.1002/anie.201800772,failed,3,2,3_level.csv,42,2
2130.0,TPP-TPA,COC(C=C1)=CC=C1/C(C2=CC=[N+](C)C=C2)=C(C3=CC=C(N(C4=CC=CC=C4)C5=CC=CC=C5)C=C3)C(C=C6)=CC=C6N(C7=CC=CC=C7)C8=CC=CC=C8.FP(F)(F)(F)F.[F-],"Adv.Mater.2018,30,1801065",858.0,,680.0,AIE,other,10.1002/adma.201801065,failed,3,2,3_level.csv,47,2
2164.0,2NP-BTO,O=S1(C2=CC=CC=C2C3[C@@]1(C4[C@@]3(S(C5=C4C=CC=C5)(=O)=O)C6=CC(C=CC=C7)=C7C=C6)C8=CC(C=CC=C9)=C9C=C8)=O,"Angew.Chem.Int.Ed.,2020,59,1-6",584.0,439.0,,AIE,other,10.1002/anie.201913383,failed,3,2,3_level.csv,48,2
2406.0,bT-BTO,O=S(C1=C2C=CC=C1)(C(C3=CSC=C3)=C2C4=CSC=C4)=O,"JournalofPhotochemistryandPhotobiologyA:Chemistry,2018,355,274–282",330.0,476.0,,AIE,other,10.1016/j.jphotochem.2017.08.061,failed,3,2,3_level.csv,52,2
1106.0,THPSTPA,C1(N(C2=CC=C(C#CC3=CC=C([Si]4(C5=CC=CC=C5)C(C6=CC=CC=C6)=C(C7=CC=CC=C7)C(C8=CC=CC=C8)=C4C9=CC=CC=C9)C=C3)C=C2)C%10=CC=C(C#CC%11=CC=C([Si]%12(C%13=CC=CC=C%13)C(C%14=CC=CC=C%14)=C(C%15=CC=CC=C%15)C(C%16=CC=CC=C%16)=C%12C%17=CC=CC=C%17)C=C%11)C=C%10)=CC=C(C#CC%18=CC=C([Si]%19(C%20=CC=CC=C%20)C(C%21=CC=CC=C%21)=C(C%22=CC=CC=C%22)C(C%23=CC=CC=C%23)=C%19C%24=CC=CC=C%24)C=C%18)C=C1,"Dyes and Pigments, 2011, 91, 258-263",1926.71,,,AIE,other,10.1016/j.dyepig.2011.03.006,failed,4,3,4_level.csv,0,3
1780.0,TPP-2MPM,COC(C=C1)=CC=C1C2=C(C3=CC=C(C4=CC=C(OC)C=C4)C=C3)N=C(C5=CC=C(OC)C=C5)C(C6=CC=C(C7=CC=C(OC)C=C7)C=C6)=N2,"Chem.Sci.,2015,6,1932-1937",657.0,,,AIE,other,10.1039/C4SC03365E,failed,4,3,4_level.csv,6,3
1791.0,TPP-4PTPA,C1(C(C=C2)=CC=C2C3=CC=C(N(C4=CC=CC=C4)C5=CC=CC=C5)C=C3)=C(C(C=C6)=CC=C6C7=CC=C(N(C8=CC=CC=C8)C9=CC=CC=C9)C=C7)N=C(C=C(N=C(C(C=C%10)=CC=C%10C%11=CC=C(N(C%12=CC=CC=C%12)C%13=CC=CC=C%13)C=C%11)C(C(C=C%14)=CC=C%14C%15=CC=C(N(C%16=CC=CC=C%16)C%17=CC=CC=C%17)C=C%15)=N%18)C%18=C%19)C%19=N1,"Chem.Sci.,2018,9,7829-7834",1460.0,,,AIE,other,10.1039/C8SC02810A,failed,4,3,4_level.csv,8,3
1798.0,2TPEVDPP,CCCCn%10c(/C=C/c4ccc(/C(=C(c1ccc(N(C)C)cc1)/c2ccc(N(C)C)cc2)c3ccccc3)cc4)c9c(=O)n(CCCC)c(/C=C/c8ccc(/C(=C(c5ccc(N(C)C)cc5)/c6ccc(N(C)C)cc6)c7ccccc7)cc8)c9c%10=O,"ACSNano2022,16,4162−4174",1132.633,,,AIE,other,10.1021/acsnano.1c10019,failed,4,3,4_level.csv,9,3
1844.0,c6-TPBQ,Cc1cn2[c-](c3c(C4=c(cccc5)c5=c6ccccc6=C42)cccc3)c(c7ccccc7)c1.FB(F)F.[F-],"Chem.Sci.,2021,12,709-717",421.1779,,,AIE,other,10.1039/d0sc04725b,failed,4,3,4_level.csv,10,3
1846.0,TPEPyE,C5(/C(=C(C1=CC=CC=C1)/C3=CC=C(C2=CC=[N+](CC)C=C2)C=C3)C4=CC=CC=C4)=CC=CC=C5.[I-],"Biosens.Bioelectron.,2016,85,62-67",565.13,,,AIE,other,10.1016/j.bios.2016.04.071,failed,4,3,4_level.csv,11,3
1847.0,1@CB[7],c%12ccc(C[n+]%11ccc(c%10ccc(/C(=C(c3ccc(c2cc[n+](Cc1ccccc1)cc2)cc3)/c6ccc(c5cc[n+](Cc4ccccc4)cc5)cc6)c9ccc(c8cc[n+](Cc7ccccc7)cc8)cc9)cc%10)cc%11)cc%12.[Br-].[Br-].[Br-].[Br-],"Sens.ActuatorsB:Chem.,2018,261,602-607.",1324.2,,,AIE,other,10.1016/j.snb.2018.01.197.,failed,4,3,4_level.csv,12,3
1855.0,TPPTPE,C%12(/C(=C(C3=CC=C(C2=CC=[N+](CC1=CC=CC=C1)C=C2)C=C3)/C6=CC=C(C5=CC=[N+](CC4=CC=CC=C4)C=C5)C=C6)C9=CC=C(C8=CC=[N+](CC7=CC=CC=C7)C=C8)C=C9)=CC=C(C%11=CC=[N+](CC%10=CC=CC=C%10)C=C%11)C=C%12.[Br-].[Br-].[Br-].[Br-],"Analyst,2017,142,4388-4392",1320.16,,,AIE,other,10.1039/C7AN01336A,failed,4,3,4_level.csv,13,3
1858.0,TPI-C,CCCCCCCCn3c(c1ccc(OC(=O)NCC[Si](OCC)(OCC)OCC)cc1)nc(c2ccccc2)c3c4ccccc4,"Mater.Horiz.,2019,6,2032-2039.",599.888,,,AIE,other,10.1039/c9mh00798a,failed,4,3,4_level.csv,14,3
1859.0,MOTIPS-TPE,C6(/C(=C(C1=CC=CC=C1)/C4=CC=C(C3=CC=[N+](CC2=CC=C(O[Si](C(C)C)(C(C)C)C(C)C)C=C2)C=C3)C=C4)C5=CC=CC=C5)=CC=C(OC)C=C6.[Br-],"RSCAdv.,2016,6,59400-59404",781.3,,,AIE,other,10.1039/c6ra10878d,failed,4,3,4_level.csv,15,3
1885.0,TPETPyP,C/1=CC%18=NC1=C(C6=CC=[N+](CC5=CC=C(/C(C2=CC=CC=C2)=C(C3=CC=CC=C3)C4=CC=CC=C4)C=C5)C=C6)/C7=CC=C(N7)/C(C%12=CC=[N+](CC%11=CC=C(/C(C8=CC=CC=C8)=C(C9=CC=CC=C9)C%10=CC=CC=C%10)C=C%11)C=C%12)=C/%25N=C(/C(C%17=CC=[N+](CC%16=CC=C(/C(C%13=CC=CC=C%13)=C(C%14=CC=CC=C%14)C%15=CC=CC=C%15)C=C%16)C=C%17)=C/%24N/C(=C%18/C%23=CC=[N+](CC%22=CC=C(/C(C%19=CC=CC=C%19)=C(C%20=CC=CC=C%20)C%21=CC=CC=C%21)C=C%22)C=C%23)C=C%24)C=C%25.[Br-].[Br-].[Br-].[Br-],,2320.0,,,AIE,other,10.1016/j.cclet.2019.08.037,failed,4,3,4_level.csv,18,3
1886.0,4TPA-BQ,C%14(N(C%12=CC=C(C8=C(C3=CC=C(N(C1=CC=CC=C1)C2=CC=CC=C2)C=C3)C%11=C(C7=C(C6=CC=C(N(C4=CC=CC=C4)C5=CC=CC=C5)C=C6)C=C(C)C=[N+]78)C=CC(N(C9=CC=CC=C9)C%10=CC=CC=C%10)=C%11)C=C%12)C%13=CC=CC=C%13)=CC=CC=C%14.[P-](F)(F)(F)(F)(F)F,"Angew.Chem.Int.Ed.,2020,59,9470-9477",1236.0,,,AIE,other,10.1002/anie.201909706,failed,4,3,4_level.csv,19,3
1888.0,IDT-TPE,CCCCCCC1(CCCCCC)C2=C(SC(C3=C(C(C=C4)=CC=C4/C(C5=CC=CC=C5)=C(C6=CC=CC=C6)/C7=CC=CC=C7)C=C(/C=C8/C(C(C=CC=C9)=C9C8=O)=C(C#N)C#N)S3)=C2)C%10=CC%11=C(C(SC(C%12=C(C(C=C%13)=CC=C%13/C(C%14=CC=CC=C%14)=C(C%15=CC=CC=C%15)/C%16=CC=CC=C%16)C=C(/C=C%17/C(C(C=CC=C%18)=C%18C%17=O)=C(C#N)C#N)S%12)=C%19)=C%19C%11(CCCCCC)CCCCCC)C=C%101,"Small2021,17,2102044",1836.719,,,AIE,other,10.1002/smll.202102044,failed,4,3,4_level.csv,20,3
1893.0,TFVP,C[N+](C)(C)CCC[N+]1=CC=C(/C=C/C(O2)=CC=C2C3=CC=C(N(C4=CC=CC=C4)C5=CC=CC=C5)C=C3)C=C1.[Br-].[Br-],"Angew.Chem.Int.Ed.2020,59,9610–9616",675.0,,,AIE,other,10.1002/anie.202000740,failed,4,3,4_level.csv,21,3
1894.0,TTPy-NH2,NCCC[N+]1=CC=C(/C=C/C(S2)=CC=C2C3=CC=C(N(C4=CC=CC=C4)C5=CC=CC=C5)C=C3)C=C1.[Br-],"Adv.Sci.2021,8,2100811",568.0,,,AIE,other,10.1002/advs.202100811,failed,4,3,4_level.csv,22,3
1935.0,NH2-PEG-TTPy,O=C(NCCOCCN)CC[N+](C=C1)=CC=C1/C=C/C(S2)=CC=C2C(C=C3)=CC=C3N(C4=CC=CC=C4)C5=CC=CC=C5.[Br-],"Adv.Mater.2020,32,2003382",524.23,,,AIE,other,10.1002/adma.202003382,failed,4,3,4_level.csv,27,3
1938.0,MTTT-BT,COC(C=C1)=CC=C1N(C2=CC=C(OC)C=C2)C(C=C3)=CC=C3C(S4)=CC=C4C5=CC=C(/C=C/C6=[N+](CC)C7=C(C=CC=C7)S6)S5.FP(F)(F)(F)F.[F-],"ACSAppl.Mater.Interfaces2020,12,26033-26040",802.85,,,AIE,other,10.1021/acsami.0c06181,failed,4,3,4_level.csv,28,3
1939.0,TTVB,CC[N+]1=C(SC2=C1C=CC=C2)/C=C/C3=CC=C(C4=CC=C(N(C5=CC=CC=C5)C6=CC=CC=C6)C=C4)S3.FP(F)(F)(F)F.[F-],"Biomaterials,2021,276,121007",660.68,,,AIE,other,10.1016/j.biomaterials.2021.121007,failed,4,3,4_level.csv,29,3
1952.0,TPEIPAu,C[N+]1=C([Au]P(C2=CC=CC=C2)(C3=CC=CC=C3)C4=CC=CC=C4)N(C=C1)C(C=C5)=CC=C5/C(C6=CC=CC=C6)=C(C7=CC=CC=C7)C8=CC=CC=C8.FP(F)(F)(F)F.[F-],"Angew.Chem.Int.Ed.2020,59,7097-7105",1017.0,,,AIE,other,10.1002/anie.202000048,failed,4,3,4_level.csv,32,3
2007.0,DB-TBT,C1(C2=CC=C(C3=CC=C(C4=CC=C(C5=CC=CC=C5)S4)C6=NSN=C63)S2)=CC=CC=C1,"ACSNano2019,13,11863−11873",452.05,,,AIE,other,10.1021/acsnano.9b05914,failed,4,3,4_level.csv,38,3
2052.0,TTPY-Py,N(C1=CC=CC=C1)(C2=CC=CC=C2)C3=CC=C(C4=CC=C(/C=C/C5=CC=[N+](CCCC[N+]6=CC=CC=C6)C=C5)S4)C=C3.[Br-].[Br-],"Adv.Funct.Mater.2021,2009924",282.627,,,AIE,other,10.1002/adfm.202009924,failed,4,3,4_level.csv,46,3
2060.0,BTPPA,C[N+](C=C1)=CC=C1/C(C2=CC=CC=C2)=C(C3=CC=CC=C3)/C(C=C4)=CC=C4N(C5=CC=CC=C5)C6=CC=C(C7=C8C(N=S=N8)=C(C(C=C9)=CC=C9N(C%10=CC=C(/C(C%11=CC=CC=C%11)=C(C%12=CC=CC=C%12)/C%13=CC=[N+](C)C=C%13)C=C%10)C%14=CC=CC=C%14)C%15=NN(CC(CC)CC)N=C7%15)C=C6.FP(F)(F)(F)F.F[P-](F)(F)(F)(F)F.[F-],"Adv.Mater.2021,33,2105999",776.3536,,,AIE,other,10.1002/adma.202105999,failed,4,3,4_level.csv,47,3
2061.0,MeTTPy,CC(C=C1)=CC=C1N(C2=CC=C(C3=CC=C(/C=C/C4=CC=[N+](C)C=C4)S3)C=C2)C5=CC=C(C)C=C5.FP(F)(F)(F)F.[F-],"Adv.Mater.2018,30,1802105",473.205,,,AIE,other,10.1002/adma.201802105,failed,4,3,4_level.csv,48,3
